node_id,role,timestamp,x,y,z
0,TAG,0.021883726119995117,3.543,5.603,0.34
0,TAG,0.032675981521606445,3.537,5.6,0.32
0,TAG,0.047629356384277344,3.538,5.596,0.366
0,TAG,0.047660112380981445,3.527,5.595,0.308
0,TAG,0.05837512016296387,3.545,5.589,0.332
0,TAG,0.06919527053833008,3.542,5.593,0.37
0,TAG,0.08011102676391602,3.524,5.594,0.273
0,TAG,0.09093070030212402,3.529,5.588,0.356
0,TAG,0.10180163383483887,3.516,5.588,0.307
0,TAG,0.11265802383422852,3.522,5.583,0.288
0,TAG,0.1275315284729004,3.519,5.581,0.36
0,TAG,0.12755346298217773,3.543,5.583,0.253
0,TAG,0.1383814811706543,3.546,5.577,0.298
0,TAG,0.1492011547088623,3.546,5.575,0.34
0,TAG,0.1600813865661621,3.535,5.58,0.232
0,TAG,0.17095136642456055,3.54,5.582,0.337
0,TAG,0.18177342414855957,3.542,5.578,0.363
0,TAG,0.1926436424255371,3.529,5.584,0.276
0,TAG,0.20758795738220215,3.53,5.592,0.4
0,TAG,0.20761775970458984,3.508,5.598,0.202
0,TAG,0.21835780143737793,3.489,5.586,0.232
0,TAG,0.22924208641052246,3.508,5.58,0.305
0,TAG,0.24013090133666992,3.515,5.593,0.312
0,TAG,0.25092411041259766,3.529,5.589,0.366
0,TAG,0.261796236038208,3.547,5.584,0.324
0,TAG,0.2726459503173828,3.528,5.591,0.155
0,TAG,0.2875645160675049,3.539,5.591,0.32
0,TAG,0.28758859634399414,3.527,5.587,0.284
0,TAG,0.298356294631958,3.511,5.597,0.246
0,TAG,0.30921053886413574,3.518,5.592,0.377
0,TAG,0.3201594352722168,3.513,5.602,0.279
0,TAG,0.3309478759765625,3.542,5.614,0.119
0,TAG,0.34178686141967773,3.577,5.624,0.083
0,TAG,0.35265207290649414,3.553,5.619,0.189
0,TAG,0.36751532554626465,3.585,5.625,0.116
0,TAG,0.3675386905670166,3.566,5.616,0.343
0,TAG,0.37836480140686035,3.54,5.619,0.272
0,TAG,0.38919830322265625,3.577,5.623,0.18
0,TAG,0.4000711441040039,3.562,5.613,0.274
0,TAG,0.4109194278717041,3.555,5.61,0.381
0,TAG,0.42176342010498047,3.6,5.618,0.144
0,TAG,0.432636022567749,3.605,5.628,0.089
0,TAG,0.44749975204467773,3.625,5.632,0.097
0,TAG,0.4475235939025879,3.637,5.625,0.111
0,TAG,0.4583549499511719,3.613,5.636,0.01
0,TAG,0.46919846534729004,3.638,5.635,0.131
0,TAG,0.48006367683410645,3.628,5.642,0.048
0,TAG,0.4909241199493408,3.634,5.648,0.144
0,TAG,0.5017797946929932,3.631,5.643,0.124
0,TAG,0.5126113891601562,3.623,5.636,0.04
0,TAG,0.5275087356567383,3.613,5.635,0.149
0,TAG,0.5275273323059082,3.608,5.625,0.121
0,TAG,0.5383141040802002,3.566,5.62,0.05
0,TAG,0.5492019653320312,3.598,5.619,0.206
0,TAG,0.5600640773773193,3.597,5.611,0.108
0,TAG,0.5709183216094971,3.567,5.617,0.149
0,TAG,0.5817737579345703,3.588,5.608,0.278
0,TAG,0.5926270484924316,3.597,5.609,0.149
0,TAG,0.6075093746185303,3.581,5.61,0.268
0,TAG,0.6075279712677002,3.574,5.602,0.158
0,TAG,0.6183462142944336,3.577,5.611,0.157
0,TAG,0.6292033195495605,3.572,5.609,0.233
0,TAG,0.6400642395019531,3.595,5.606,0.207
0,TAG,0.6509130001068115,3.569,5.62,0.157
0,TAG,0.661766529083252,3.574,5.611,0.24
0,TAG,0.6726140975952148,3.589,5.607,0.211
0,TAG,0.6874980926513672,3.579,5.619,0.244
0,TAG,0.687516450881958,3.587,5.608,0.179
0,TAG,0.6983389854431152,3.585,5.619,0.15
0,TAG,0.7092058658599854,3.584,5.615,0.211
0,TAG,0.7200496196746826,3.593,5.613,0.215
0,TAG,0.7309103012084961,3.575,5.621,0.169
0,TAG,0.7417728900909424,3.582,5.616,0.202
0,TAG,0.7526347637176514,3.59,5.605,0.27
0,TAG,0.7674901485443115,3.575,5.616,0.209
0,TAG,0.7675080299377441,3.581,5.614,0.241
0,TAG,0.778350830078125,3.583,5.619,0.291
0,TAG,0.7891991138458252,3.583,5.609,0.186
0,TAG,0.8000569343566895,3.584,5.613,0.292
0,TAG,0.8109571933746338,3.576,5.606,0.212
0,TAG,0.8217887878417969,3.573,5.601,0.239
0,TAG,0.8326332569122314,3.555,5.602,0.237
0,TAG,0.8475136756896973,3.557,5.609,0.215
0,TAG,0.8475332260131836,3.539,5.604,0.346
0,TAG,0.85837721824646,3.531,5.596,0.263
0,TAG,0.8691973686218262,3.522,5.594,0.097
0,TAG,0.8800439834594727,3.53,5.596,0.357
0,TAG,0.8909029960632324,3.546,5.592,0.276
0,TAG,0.901747465133667,3.535,5.594,0.19
0,TAG,0.9126319885253906,3.577,5.607,0.257
0,TAG,0.9275283813476562,3.565,5.604,-0.017
0,TAG,0.9275503158569336,3.575,5.61,0.103
0,TAG,0.9383749961853027,3.597,5.61,0.099
0,TAG,0.9492049217224121,3.605,5.635,-0.018
0,TAG,0.9600546360015869,3.647,5.636,0.122
0,TAG,0.9709055423736572,3.599,5.611,0.12
0,TAG,0.9817709922790527,3.643,5.631,-0.022
0,TAG,0.9925930500030518,3.656,5.636,-0.04
0,TAG,1.0074925422668457,3.624,5.628,0.202
0,TAG,1.0075113773345947,3.613,5.615,0.143
0,TAG,1.0183436870574951,3.6,5.61,0.316
0,TAG,1.0291838645935059,3.59,5.609,0.199
0,TAG,1.0400688648223877,3.581,5.607,0.311
0,TAG,1.0508968830108643,3.582,5.598,0.246
0,TAG,1.0617592334747314,3.565,5.605,0.168
0,TAG,1.072594165802002,3.568,5.601,0.338
0,TAG,1.0874733924865723,3.599,5.608,0.123
0,TAG,1.087491512298584,3.616,5.624,0.14
0,TAG,1.0983216762542725,3.645,5.629,0.12
0,TAG,1.109177827835083,3.646,5.636,0.117
0,TAG,1.1200385093688965,3.668,5.635,0.004
0,TAG,1.1308846473693848,3.67,5.647,-0.003
0,TAG,1.1417531967163086,3.674,5.658,-0.068
0,TAG,1.1526026725769043,3.648,5.638,0.293
0,TAG,1.1674771308898926,3.624,5.625,0.303
0,TAG,1.1674954891204834,3.61,5.612,0.244
0,TAG,1.1783208847045898,3.602,5.607,0.379
0,TAG,1.1891465187072754,3.588,5.598,0.228
0,TAG,1.2000324726104736,3.579,5.596,0.322
0,TAG,1.2108938694000244,3.584,5.594,0.324
0,TAG,1.22174072265625,3.564,5.599,0.284
0,TAG,1.2325825691223145,3.562,5.584,0.237
0,TAG,1.2474768161773682,3.563,5.587,0.323
0,TAG,1.2474961280822754,3.554,5.591,0.22
0,TAG,1.2583258152008057,3.542,5.589,0.289
0,TAG,1.26918625831604,3.546,5.586,0.316
0,TAG,1.2800495624542236,3.546,5.589,0.153
0,TAG,1.2908916473388672,3.524,5.593,0.246
0,TAG,1.3017385005950928,3.526,5.58,0.148
0,TAG,1.3125853538513184,3.519,5.598,0.174
0,TAG,1.327476978302002,3.556,5.601,0.196
0,TAG,1.3274946212768555,3.575,5.626,0.013
0,TAG,1.3383183479309082,3.59,5.624,0.194
0,TAG,1.3491854667663574,3.637,5.634,0.076
0,TAG,1.3600373268127441,3.657,5.644,0.072
0,TAG,1.3709228038787842,3.674,5.645,-0.003
0,TAG,1.381749153137207,3.674,5.646,-0.003
0,TAG,1.3926403522491455,3.677,5.645,-0.092
0,TAG,1.4074842929840088,3.679,5.65,0.147
0,TAG,1.407496452331543,3.688,5.651,0.135
0,TAG,1.4183402061462402,3.66,5.656,-0.005
0,TAG,1.429220199584961,3.664,5.657,-0.183
0,TAG,1.4400677680969238,3.67,5.651,0.086
0,TAG,1.450897455215454,3.669,5.656,0.126
0,TAG,1.4617424011230469,3.676,5.643,0.04
0,TAG,1.472599744796753,3.652,5.655,0.054
0,TAG,1.4875140190124512,3.652,5.649,0.115
0,TAG,1.4875388145446777,3.623,5.628,0.335
0,TAG,1.4983251094818115,3.574,5.621,0.204
0,TAG,1.5091936588287354,3.586,5.615,0.309
0,TAG,1.5200462341308594,3.583,5.611,0.27
0,TAG,1.5309581756591797,3.569,5.6,0.276
0,TAG,1.5417497158050537,3.56,5.596,0.249
0,TAG,1.5526199340820312,3.555,5.593,0.32
0,TAG,1.5674991607666016,3.556,5.611,0.102
0,TAG,1.5675227642059326,3.574,5.604,0.4
0,TAG,1.5783755779266357,3.568,5.611,0.134
0,TAG,1.5891430377960205,3.575,5.597,0.271
0,TAG,1.6000440120697021,3.565,5.598,0.222
0,TAG,1.6109821796417236,3.58,5.608,0.183
0,TAG,1.621748685836792,3.59,5.608,0.181
0,TAG,1.6326186656951904,3.565,5.598,0.186
0,TAG,1.6475017070770264,3.559,5.607,0.29
0,TAG,1.647526741027832,3.56,5.607,0.274
0,TAG,1.6583247184753418,3.584,5.615,0.169
0,TAG,1.6691648960113525,3.581,5.607,0.283
0,TAG,1.6800713539123535,3.601,5.611,0.188
0,TAG,1.6910126209259033,3.595,5.61,0.054
0,TAG,1.701751708984375,3.584,5.616,0.163
0,TAG,1.7125732898712158,3.595,5.602,0.185
0,TAG,1.7275023460388184,3.601,5.626,0.019
0,TAG,1.7275254726409912,3.628,5.627,0.077
0,TAG,1.7382733821868896,3.623,5.632,0.147
0,TAG,1.7491464614868164,3.637,5.635,0.14
0,TAG,1.7600185871124268,3.645,5.639,0.11
0,TAG,1.770949363708496,3.652,5.633,0.105
0,TAG,1.7817373275756836,3.658,5.633,0.1
0,TAG,1.7925961017608643,3.678,5.636,0.113
0,TAG,1.807499885559082,3.647,5.644,0.095
0,TAG,1.8075227737426758,3.671,5.632,0.067
0,TAG,1.8182950019836426,3.651,5.633,0.174
0,TAG,1.8291761875152588,3.652,5.638,0.123
0,TAG,1.8400895595550537,3.652,5.641,0.129
0,TAG,1.8509447574615479,3.655,5.643,0.068
0,TAG,1.8617498874664307,3.628,5.637,0.102
0,TAG,1.872568130493164,3.641,5.635,0.235
0,TAG,1.887465000152588,3.631,5.637,0.108
0,TAG,1.8874883651733398,3.627,5.634,0.12
0,TAG,1.8983063697814941,3.639,5.634,0.16
0,TAG,1.909118890762329,3.647,5.624,0.102
0,TAG,1.9200036525726318,3.649,5.629,0.086
0,TAG,1.9309420585632324,3.65,5.637,0.115
0,TAG,1.9417355060577393,3.603,5.621,0.224
0,TAG,1.9525799751281738,3.633,5.622,0.217
0,TAG,1.967456340789795,3.643,5.64,0.069
0,TAG,1.9674794673919678,3.641,5.633,0.12
0,TAG,1.9782912731170654,3.677,5.632,0.051
0,TAG,1.9891810417175293,3.655,5.633,0.256
0,TAG,2.0000531673431396,3.656,5.64,0.074
0,TAG,2.010960817337036,3.643,5.63,0.393
0,TAG,2.0217361450195312,3.62,5.627,0.063
0,TAG,2.0325777530670166,3.612,5.615,0.223
0,TAG,2.0474624633789062,3.605,5.62,0.078
0,TAG,2.0474812984466553,3.619,5.63,0.179
0,TAG,2.058288335800171,3.626,5.624,0.112
0,TAG,2.069166898727417,3.581,5.611,0.371
0,TAG,2.0800375938415527,3.635,5.62,-0.039
0,TAG,2.090924024581909,3.644,5.622,0.076
0,TAG,2.101731777191162,3.63,5.629,0.069
0,TAG,2.112555980682373,3.649,5.63,0.155
0,TAG,2.1274614334106445,3.646,5.631,0.222
0,TAG,2.1274850368499756,3.662,5.658,0.11
0,TAG,2.1383066177368164,3.655,5.646,0.141
0,TAG,2.1491475105285645,3.662,5.636,-0.027
0,TAG,2.1600136756896973,3.657,5.633,0.132
0,TAG,2.1709446907043457,3.665,5.634,0.146
0,TAG,2.1817214488983154,3.672,5.633,0.049
0,TAG,2.192542791366577,3.658,5.636,0.085
0,TAG,2.207453489303589,3.683,5.638,0.117
0,TAG,2.207472085952759,3.671,5.654,-0.071
0,TAG,2.218306541442871,3.672,5.646,0.063
0,TAG,2.22916316986084,3.662,5.651,0.073
0,TAG,2.2400219440460205,3.66,5.652,0.093
0,TAG,2.2509288787841797,3.676,5.631,-0.052
0,TAG,2.2617132663726807,3.673,5.641,0.059
0,TAG,2.27256441116333,3.651,5.645,-0.015
0,TAG,2.287447929382324,3.675,5.644,0.118
0,TAG,2.287465810775757,3.655,5.652,0.007
0,TAG,2.298276901245117,3.67,5.651,0.17
0,TAG,2.3091275691986084,3.666,5.652,0.058
0,TAG,2.319995880126953,3.661,5.645,0.017
0,TAG,2.3309457302093506,3.654,5.644,0.044
0,TAG,2.341719150543213,3.638,5.64,0.065
0,TAG,2.352560043334961,3.632,5.646,-0.169
0,TAG,2.367455244064331,3.638,5.638,0.051
0,TAG,2.3674838542938232,3.64,5.65,0.052
0,TAG,2.3782875537872314,3.653,5.649,0.049
0,TAG,2.3892605304718018,3.673,5.649,0.08
0,TAG,2.400057077407837,3.644,5.635,0.052
0,TAG,2.4109315872192383,3.59,5.626,0.163
0,TAG,2.421705484390259,3.592,5.605,0.248
0,TAG,2.432572841644287,3.612,5.636,-0.08
0,TAG,2.447460412979126,3.624,5.628,0.335
0,TAG,2.447481393814087,3.638,5.631,0.18
0,TAG,2.4582767486572266,3.618,5.636,0.178
0,TAG,2.469148874282837,3.645,5.638,0.307
0,TAG,2.4800214767456055,3.623,5.632,0.066
0,TAG,2.490940570831299,3.638,5.631,0.059
0,TAG,2.5017080307006836,3.643,5.636,0.054
0,TAG,2.512559413909912,3.62,5.642,-0.005
0,TAG,2.527475118637085,3.636,5.645,0.039
0,TAG,2.5274953842163086,3.65,5.651,0.174
0,TAG,2.538323402404785,3.632,5.654,-0.016
0,TAG,2.549137830734253,3.65,5.65,0.15
0,TAG,2.559995174407959,3.647,5.641,0.158
0,TAG,2.570908784866333,3.64,5.637,0.102
0,TAG,2.581695795059204,3.642,5.634,0.125
0,TAG,2.5925724506378174,3.657,5.634,0.188
0,TAG,2.6074776649475098,3.636,5.644,0.077
0,TAG,2.6075000762939453,3.633,5.629,0.348
0,TAG,2.618302583694458,3.616,5.643,-0.021
0,TAG,2.6291332244873047,3.595,5.615,0.205
0,TAG,2.6400179862976074,3.625,5.618,0.184
0,TAG,2.6509320735931396,3.64,5.64,0.032
0,TAG,2.661714792251587,3.656,5.638,0.162
0,TAG,2.6725637912750244,3.652,5.639,0.076
0,TAG,2.6874284744262695,3.626,5.644,0.038
0,TAG,2.687446355819702,3.63,5.65,0.101
0,TAG,2.6984031200408936,3.651,5.635,0.027
0,TAG,2.709134340286255,3.641,5.64,0.099
0,TAG,2.720017194747925,3.6,5.617,0.311
0,TAG,2.7309141159057617,3.585,5.615,0.225
0,TAG,2.7417004108428955,3.561,5.597,0.15
0,TAG,2.7525508403778076,3.541,5.59,0.43
0,TAG,2.7674448490142822,3.572,5.617,-0.098
0,TAG,2.7674636840820312,3.606,5.618,0.022
0,TAG,2.778275728225708,3.628,5.63,0.099
0,TAG,2.7891345024108887,3.604,5.635,-0.074
0,TAG,2.7999978065490723,3.64,5.637,0.138
0,TAG,2.8109166622161865,3.633,5.639,0.059
0,TAG,2.8217015266418457,3.634,5.633,0.108
0,TAG,2.832545280456543,3.645,5.629,0.129
0,TAG,2.8474268913269043,3.654,5.637,0.113
0,TAG,2.8474459648132324,3.644,5.632,0.043
0,TAG,2.8582897186279297,3.623,5.637,0.163
0,TAG,2.869131088256836,3.594,5.627,0.3
0,TAG,2.8799896240234375,3.567,5.616,0.358
0,TAG,2.8909475803375244,3.575,5.609,0.358
0,TAG,2.9017093181610107,3.568,5.61,0.386
0,TAG,2.912562131881714,3.605,5.621,0.106
0,TAG,2.927459478378296,3.608,5.628,0.235
0,TAG,2.927480459213257,3.609,5.637,0.072
0,TAG,2.9383156299591064,3.624,5.633,0.071
0,TAG,2.9491262435913086,3.611,5.638,0.133
0,TAG,2.959994316101074,3.609,5.637,0.169
0,TAG,2.9709134101867676,3.621,5.63,0.145
0,TAG,2.981701135635376,3.622,5.64,0.064
0,TAG,2.992551803588867,3.618,5.629,0.17
0,TAG,3.007441520690918,3.622,5.629,0.027
0,TAG,3.0074594020843506,3.605,5.632,0.169
0,TAG,3.018479108810425,3.613,5.631,0.236
0,TAG,3.0291290283203125,3.583,5.61,0.425
0,TAG,3.0399837493896484,3.581,5.596,0.355
0,TAG,3.050893545150757,3.551,5.589,0.444
0,TAG,3.0616798400878906,3.58,5.597,0.187
0,TAG,3.072532892227173,3.582,5.612,0.188
0,TAG,3.087419033050537,3.604,5.608,0.308
0,TAG,3.087437629699707,3.581,5.616,0.024
0,TAG,3.098280429840088,3.605,5.624,0.157
0,TAG,3.109126091003418,3.618,5.61,0.144
0,TAG,3.119987964630127,3.621,5.617,0.047
0,TAG,3.1308934688568115,3.612,5.612,0.276
0,TAG,3.1416871547698975,3.603,5.617,0.122
0,TAG,3.152534246444702,3.607,5.622,0.061
0,TAG,3.1674270629882812,3.631,5.624,0.233
0,TAG,3.1674444675445557,3.588,5.625,0.158
0,TAG,3.178314208984375,3.564,5.613,0.176
0,TAG,3.1891286373138428,3.565,5.614,0.261
0,TAG,3.199993848800659,3.552,5.61,0.166
0,TAG,3.210916042327881,3.566,5.611,0.09
0,TAG,3.2216897010803223,3.599,5.619,0.155
0,TAG,3.2325286865234375,3.607,5.624,0.194
0,TAG,3.2474520206451416,3.609,5.621,0.09
0,TAG,3.247476816177368,3.636,5.63,0.168
0,TAG,3.2582967281341553,3.624,5.644,-0.014
0,TAG,3.269113063812256,3.625,5.634,0.138
0,TAG,3.279991388320923,3.607,5.633,0.204
0,TAG,3.2909095287323,3.608,5.623,0.233
0,TAG,3.3016927242279053,3.605,5.61,0.39
0,TAG,3.312558174133301,3.586,5.617,0.316
0,TAG,3.3274307250976562,3.578,5.603,0.369
0,TAG,3.3274548053741455,3.591,5.611,0.137
0,TAG,3.3382740020751953,3.576,5.621,0.149
0,TAG,3.349112033843994,3.598,5.618,0.212
0,TAG,3.359985828399658,3.595,5.618,0.08
0,TAG,3.3709027767181396,3.602,5.633,0.134
0,TAG,3.381711006164551,3.614,5.634,0.289
0,TAG,3.392545700073242,3.615,5.63,0.094
0,TAG,3.4074454307556152,3.616,5.637,-0.005
0,TAG,3.407465696334839,3.613,5.631,0.239
0,TAG,3.418266773223877,3.584,5.622,0.146
0,TAG,3.429128646850586,3.607,5.618,0.275
0,TAG,3.439958333969116,3.609,5.615,0.294
0,TAG,3.4508824348449707,3.596,5.624,0.125
0,TAG,3.4616880416870117,3.585,5.606,0.324
0,TAG,3.4725148677825928,3.596,5.614,0.263
0,TAG,3.487419605255127,3.574,5.615,0.211
0,TAG,3.487438917160034,3.603,5.617,0.232
0,TAG,3.498272657394409,3.582,5.62,0.092
0,TAG,3.5091214179992676,3.576,5.635,0.02
0,TAG,3.5200135707855225,3.592,5.636,0.111
0,TAG,3.5308947563171387,3.619,5.62,0.179
0,TAG,3.5416834354400635,3.602,5.617,0.178
0,TAG,3.552539348602295,3.614,5.626,0.3
0,TAG,3.5674266815185547,3.576,5.617,0.087
0,TAG,3.567450523376465,3.579,5.613,0.28
0,TAG,3.5782768726348877,3.59,5.605,0.278
0,TAG,3.589104175567627,3.592,5.603,0.291
0,TAG,3.599971294403076,3.612,5.595,0.148
0,TAG,3.610879898071289,3.615,5.605,0.273
0,TAG,3.621711254119873,3.602,5.614,0.132
0,TAG,3.63254976272583,3.64,5.611,0.263
0,TAG,3.6474430561065674,3.625,5.617,0.079
0,TAG,3.6474618911743164,3.624,5.628,0.176
0,TAG,3.658250570297241,3.625,5.621,0.159
0,TAG,3.6691317558288574,3.614,5.629,-0.005
0,TAG,3.6799919605255127,3.602,5.626,0.282
0,TAG,3.690882682800293,3.605,5.627,0.187
0,TAG,3.7016961574554443,3.588,5.631,0.2
0,TAG,3.7125513553619385,3.609,5.622,0.234
0,TAG,3.727428913116455,3.606,5.627,0.184
0,TAG,3.7274529933929443,3.617,5.627,0.0
0,TAG,3.7383296489715576,3.624,5.626,0.252
0,TAG,3.749138593673706,3.615,5.628,0.122
0,TAG,3.7599871158599854,3.586,5.629,0.162
0,TAG,3.7708609104156494,3.609,5.623,0.28
0,TAG,3.7817044258117676,3.587,5.628,0.102
0,TAG,3.79256272315979,3.581,5.621,0.302
0,TAG,3.807462453842163,3.612,5.615,0.33
0,TAG,3.807488441467285,3.591,5.619,0.237
0,TAG,3.818270206451416,3.605,5.608,0.169
0,TAG,3.829157829284668,3.623,5.615,0.271
0,TAG,3.840003252029419,3.616,5.609,0.069
0,TAG,3.8508880138397217,3.606,5.609,0.219
0,TAG,3.8616886138916016,3.616,5.609,0.08
0,TAG,3.8725414276123047,3.586,5.615,0.124
0,TAG,3.8874294757843018,3.613,5.619,0.28
0,TAG,3.8874521255493164,3.592,5.62,0.098
0,TAG,3.8982760906219482,3.601,5.602,0.185
0,TAG,3.9091219902038574,3.594,5.61,0.282
0,TAG,3.9199881553649902,3.583,5.62,0.022
0,TAG,3.930873155593872,3.594,5.619,0.203
0,TAG,3.941671848297119,3.601,5.615,0.172
0,TAG,3.9525420665740967,3.557,5.612,0.152
0,TAG,3.9674317836761475,3.581,5.607,0.245
0,TAG,3.96744966506958,3.584,5.612,0.218
0,TAG,3.9782841205596924,3.597,5.618,0.13
0,TAG,3.9891324043273926,3.588,5.609,0.214
0,TAG,3.9999680519104004,3.587,5.611,0.195
0,TAG,4.0108702182769775,3.604,5.618,0.293
0,TAG,4.021697998046875,3.608,5.613,0.231
0,TAG,4.032532453536987,3.571,5.616,0.181
0,TAG,4.047422409057617,3.614,5.611,0.14
0,TAG,4.047440767288208,3.603,5.617,0.139
0,TAG,4.058276653289795,3.621,5.627,0.146
0,TAG,4.069104194641113,3.612,5.628,0.198
0,TAG,4.07998251914978,3.635,5.617,0.183
0,TAG,4.090879917144775,3.612,5.634,0.073
0,TAG,4.101704835891724,3.627,5.635,0.172
0,TAG,4.112516164779663,3.611,5.643,0.103
0,TAG,4.127435922622681,3.612,5.635,0.051
0,TAG,4.127460718154907,3.618,5.623,0.304
0,TAG,4.1382551193237305,3.612,5.633,0.056
0,TAG,4.149120807647705,3.613,5.636,0.165
0,TAG,4.159974098205566,3.619,5.634,0.236
0,TAG,4.170867443084717,3.592,5.639,0.081
0,TAG,4.18166971206665,3.613,5.622,0.197
0,TAG,4.192525625228882,3.617,5.627,0.154
0,TAG,4.207438230514526,3.583,5.625,0.189
0,TAG,4.207456111907959,3.606,5.619,0.204
0,TAG,4.218258380889893,3.6,5.619,0.174
0,TAG,4.2291224002838135,3.593,5.615,0.248
0,TAG,4.239993095397949,3.594,5.621,0.208
0,TAG,4.250868320465088,3.61,5.625,0.09
0,TAG,4.26167368888855,3.615,5.629,0.161
0,TAG,4.272532224655151,3.625,5.637,0.271
0,TAG,4.287411451339722,3.62,5.63,0.226
0,TAG,4.287429332733154,3.62,5.619,0.024
0,TAG,4.298263311386108,3.63,5.629,0.316
0,TAG,4.309101581573486,3.586,5.636,0.081
0,TAG,4.319970607757568,3.579,5.623,0.199
0,TAG,4.330905199050903,3.585,5.623,0.186
0,TAG,4.341792345046997,3.603,5.624,0.131
0,TAG,4.352640867233276,3.61,5.617,0.159
0,TAG,4.367548942565918,3.604,5.626,0.046
0,TAG,4.367568731307983,3.589,5.619,0.175
0,TAG,4.378348112106323,3.607,5.621,0.216
0,TAG,4.389242172241211,3.578,5.616,0.168
0,TAG,4.399973392486572,3.582,5.608,0.261
0,TAG,4.41086745262146,3.59,5.612,0.189
0,TAG,4.421671152114868,3.649,5.65,-0.157
0,TAG,4.43252158164978,3.612,5.634,0.164
0,TAG,4.447409391403198,3.628,5.63,0.116
0,TAG,4.4474334716796875,3.627,5.631,0.136
0,TAG,4.458258152008057,3.621,5.633,0.171
0,TAG,4.469109058380127,3.584,5.647,0.141
0,TAG,4.479960680007935,3.612,5.638,0.322
0,TAG,4.490867853164673,3.591,5.622,0.287
0,TAG,4.50167179107666,3.591,5.629,0.168
0,TAG,4.512524127960205,3.581,5.628,0.251
0,TAG,4.527401447296143,3.586,5.626,0.32
0,TAG,4.527419090270996,3.592,5.622,0.215
0,TAG,4.538262128829956,3.604,5.62,0.261
0,TAG,4.549115180969238,3.612,5.633,0.147
0,TAG,4.559969425201416,3.629,5.644,0.014
0,TAG,4.570857524871826,3.629,5.637,0.147
0,TAG,4.581678152084351,3.614,5.635,0.181
0,TAG,4.592528581619263,3.578,5.622,0.319
0,TAG,4.607436895370483,3.597,5.615,0.377
0,TAG,4.607454061508179,3.56,5.616,0.277
0,TAG,4.618257761001587,3.555,5.602,0.442
0,TAG,4.629114151000977,3.566,5.605,0.298
0,TAG,4.6399805545806885,3.573,5.616,0.027
0,TAG,4.650855541229248,3.598,5.622,0.179
0,TAG,4.6616904735565186,3.625,5.628,0.111
0,TAG,4.672522306442261,3.624,5.623,0.056
0,TAG,4.687401056289673,3.623,5.615,0.29
0,TAG,4.687418460845947,3.582,5.613,0.239
0,TAG,4.698270082473755,3.585,5.61,0.298
0,TAG,4.709131240844727,3.591,5.602,0.26
0,TAG,4.719961404800415,3.572,5.617,0.139
0,TAG,4.7308549880981445,3.591,5.614,0.149
0,TAG,4.741671800613403,3.62,5.633,0.185
0,TAG,4.752526044845581,3.603,5.643,-0.03
0,TAG,4.767398118972778,3.587,5.627,0.237
0,TAG,4.767416000366211,3.585,5.613,0.147
0,TAG,4.778247117996216,3.569,5.607,0.302
0,TAG,4.789111614227295,3.564,5.604,0.258
0,TAG,4.799977779388428,3.58,5.606,0.312
0,TAG,4.8108625411987305,3.541,5.597,0.235
0,TAG,4.82166051864624,3.57,5.611,0.257
0,TAG,4.832533121109009,3.583,5.614,0.096
0,TAG,4.847433567047119,3.603,5.619,0.108
0,TAG,4.8474462032318115,3.627,5.635,0.159
0,TAG,4.858361005783081,3.607,5.64,0.17
0,TAG,4.869157552719116,3.581,5.623,0.175
0,TAG,4.879992961883545,3.59,5.605,0.258
0,TAG,4.890899658203125,3.548,5.616,0.285
0,TAG,4.901683330535889,3.572,5.606,0.343
0,TAG,4.912532567977905,3.562,5.612,0.26
0,TAG,4.927429676055908,3.6,5.612,0.261
0,TAG,4.927448034286499,3.616,5.628,0.212
0,TAG,4.938269376754761,3.621,5.638,0.006
0,TAG,4.949125289916992,3.616,5.637,0.112
0,TAG,4.959980010986328,3.638,5.64,0.13
0,TAG,4.970871686935425,3.63,5.642,0.092
0,TAG,4.981677055358887,3.643,5.646,0.14
0,TAG,4.992558717727661,3.636,5.649,0.07
0,TAG,5.007405996322632,3.654,5.652,0.132
0,TAG,5.00742506980896,3.63,5.628,0.246
0,TAG,5.018287181854248,3.597,5.623,0.31
0,TAG,5.029131174087524,3.556,5.616,0.236
0,TAG,5.039988040924072,3.561,5.613,0.416
0,TAG,5.050874471664429,3.563,5.609,0.247
0,TAG,5.0616981983184814,3.56,5.61,0.428
0,TAG,5.07254695892334,3.572,5.6,0.285
0,TAG,5.087435483932495,3.561,5.612,0.171
0,TAG,5.087457656860352,3.594,5.609,0.165
0,TAG,5.098289966583252,3.607,5.618,0.106
0,TAG,5.109133720397949,3.629,5.63,0.05
0,TAG,5.119974374771118,3.641,5.636,0.068
0,TAG,5.130875110626221,3.644,5.635,0.057
0,TAG,5.14169454574585,3.604,5.621,0.244
0,TAG,5.152538537979126,3.579,5.604,0.32
0,TAG,5.167415618896484,3.543,5.593,0.215
0,TAG,5.167434930801392,3.545,5.605,0.212
0,TAG,5.178270101547241,3.574,5.608,0.139
0,TAG,5.189114570617676,3.582,5.614,0.038
0,TAG,5.200014114379883,3.589,5.619,0.097
0,TAG,5.210871934890747,3.6,5.621,0.298
0,TAG,5.2216761112213135,3.575,5.615,-0.099
0,TAG,5.23252010345459,3.584,5.611,0.299
0,TAG,5.247406959533691,3.527,5.598,0.188
0,TAG,5.247424602508545,3.538,5.606,0.404
0,TAG,5.2582786083221436,3.535,5.585,0.232
0,TAG,5.269121408462524,3.558,5.603,0.241
0,TAG,5.279976844787598,3.588,5.615,0.055
0,TAG,5.290859699249268,3.617,5.628,0.219
0,TAG,5.301682472229004,3.614,5.635,-0.02
0,TAG,5.312542676925659,3.634,5.64,0.184
0,TAG,5.327416181564331,3.638,5.634,0.078
0,TAG,5.3274335861206055,3.625,5.654,0.105
0,TAG,5.338258504867554,3.605,5.636,0.324
0,TAG,5.349133014678955,3.585,5.633,0.4
0,TAG,5.359988689422607,3.566,5.626,0.175
0,TAG,5.370861768722534,3.569,5.622,0.363
0,TAG,5.381683349609375,3.596,5.621,0.127
0,TAG,5.392547130584717,3.574,5.635,0.129
0,TAG,5.407471418380737,3.611,5.631,0.222
0,TAG,5.4074907302856445,3.6,5.639,0.146
0,TAG,5.418280839920044,3.625,5.636,0.176
0,TAG,5.4291417598724365,3.606,5.635,0.212
0,TAG,5.439982652664185,3.585,5.628,0.284
0,TAG,5.4508702754974365,3.563,5.618,0.361
0,TAG,5.461683034896851,3.571,5.616,0.218
0,TAG,5.472534418106079,3.537,5.616,0.339
0,TAG,5.487421989440918,3.568,5.617,0.187
0,TAG,5.487440347671509,3.57,5.629,0.105
0,TAG,5.498266696929932,3.577,5.632,0.036
0,TAG,5.509121894836426,3.59,5.632,0.273
0,TAG,5.5199806690216064,3.613,5.632,0.185
0,TAG,5.530884265899658,3.594,5.639,0.04
0,TAG,5.541694164276123,3.612,5.629,0.148
0,TAG,5.552534341812134,3.591,5.629,0.033
0,TAG,5.567410230636597,3.596,5.62,0.183
0,TAG,5.567428112030029,3.612,5.624,0.354
0,TAG,5.578275203704834,3.604,5.626,0.147
0,TAG,5.589124917984009,3.59,5.622,0.222
0,TAG,5.599987030029297,3.587,5.617,0.216
0,TAG,5.610868692398071,3.575,5.615,-0.006
0,TAG,5.621683835983276,3.604,5.618,0.19
0,TAG,5.632540941238403,3.585,5.614,0.134
0,TAG,5.647421598434448,3.57,5.611,0.169
0,TAG,5.6474387645721436,3.554,5.602,0.517
0,TAG,5.658287286758423,3.569,5.609,0.231
0,TAG,5.66926121711731,3.574,5.602,0.193
0,TAG,5.680033445358276,3.6,5.603,0.33
0,TAG,5.690881967544556,3.591,5.611,0.093
0,TAG,5.701694965362549,3.606,5.607,0.133
0,TAG,5.712541818618774,3.631,5.612,0.188
0,TAG,5.727432012557983,3.623,5.627,-0.079
0,TAG,5.727449893951416,3.637,5.631,0.168
0,TAG,5.738276720046997,3.628,5.621,0.156
0,TAG,5.749128341674805,3.592,5.624,0.292
0,TAG,5.759983539581299,3.599,5.61,0.359
0,TAG,5.770861387252808,3.589,5.605,0.253
0,TAG,5.781709909439087,3.602,5.606,0.293
0,TAG,5.7925426959991455,3.601,5.612,0.279
0,TAG,5.807416915893555,3.595,5.633,0.0
0,TAG,5.807434797286987,3.604,5.631,0.103
0,TAG,5.818277359008789,3.616,5.627,0.15
0,TAG,5.829117059707642,3.631,5.636,0.215
0,TAG,5.839976072311401,3.64,5.627,0.254
0,TAG,5.850867509841919,3.614,5.622,0.213
0,TAG,5.861697673797607,3.587,5.631,0.188
0,TAG,5.872542142868042,3.582,5.615,0.308
0,TAG,5.887415170669556,3.599,5.616,0.239
0,TAG,5.887433290481567,3.58,5.627,0.177
0,TAG,5.898279666900635,3.607,5.628,0.214
0,TAG,5.90912652015686,3.601,5.637,0.042
0,TAG,5.920000314712524,3.633,5.642,0.025
0,TAG,5.930851459503174,3.601,5.624,0.233
0,TAG,5.941689491271973,3.584,5.621,0.11
0,TAG,5.952536106109619,3.583,5.605,0.45
0,TAG,5.967417240142822,3.568,5.599,0.215
0,TAG,5.967434644699097,3.551,5.609,0.164
0,TAG,5.9782750606536865,3.572,5.603,0.317
0,TAG,5.98912239074707,3.551,5.598,0.071
0,TAG,5.999975919723511,3.574,5.608,0.195
0,TAG,6.010854721069336,3.584,5.606,0.211
0,TAG,6.0216851234436035,3.61,5.604,0.222
0,TAG,6.032535791397095,3.593,5.605,0.23
0,TAG,6.047415733337402,3.586,5.604,0.32
0,TAG,6.047433137893677,3.549,5.603,0.268
0,TAG,6.058278560638428,3.539,5.595,0.406
0,TAG,6.069108963012695,3.535,5.59,0.146
0,TAG,6.079977512359619,3.559,5.601,0.212
0,TAG,6.0908753871917725,3.565,5.603,0.156
0,TAG,6.101686716079712,3.568,5.607,0.114
0,TAG,6.1125264167785645,3.583,5.619,0.079
0,TAG,6.12743353843689,3.614,5.628,0.182
0,TAG,6.127460718154907,3.629,5.625,0.087
0,TAG,6.138275623321533,3.625,5.619,0.379
0,TAG,6.149126768112183,3.606,5.607,0.164
0,TAG,6.1599860191345215,3.587,5.605,0.225
0,TAG,6.170855283737183,3.561,5.6,0.308
0,TAG,6.18168830871582,3.577,5.6,0.364
0,TAG,6.192538261413574,3.584,5.613,0.203
0,TAG,6.207423448562622,3.575,5.623,0.167
0,TAG,6.207442998886108,3.592,5.621,0.203
0,TAG,6.218280792236328,3.603,5.621,0.135
0,TAG,6.229122161865234,3.611,5.624,0.137
0,TAG,6.239988803863525,3.63,5.628,0.105
0,TAG,6.250855207443237,3.611,5.638,0.134
0,TAG,6.261678457260132,3.599,5.622,0.288
0,TAG,6.272536039352417,3.586,5.62,0.275
0,TAG,6.287461996078491,3.57,5.599,0.38
0,TAG,6.287479400634766,3.596,5.591,0.286
0,TAG,6.298272371292114,3.59,5.595,0.173
0,TAG,6.3091230392456055,3.606,5.603,0.16
0,TAG,6.319983005523682,3.622,5.616,0.213
0,TAG,6.3308539390563965,3.611,5.62,0.053
0,TAG,6.341684341430664,3.61,5.617,0.167
0,TAG,6.35254430770874,3.597,5.614,0.118
0,TAG,6.367422342300415,3.593,5.611,0.174
0,TAG,6.367440223693848,3.569,5.608,0.284
0,TAG,6.378278970718384,3.586,5.604,0.142
0,TAG,6.389109373092651,3.574,5.606,0.218
0,TAG,6.399986267089844,3.586,5.601,0.138
0,TAG,6.410854816436768,3.591,5.613,0.015
0,TAG,6.421684265136719,3.599,5.616,0.237
0,TAG,6.43253755569458,3.587,5.61,0.303
0,TAG,6.447424650192261,3.57,5.602,0.159
0,TAG,6.447443246841431,3.576,5.604,0.287
0,TAG,6.458277463912964,3.59,5.611,0.143
0,TAG,6.4691162109375,3.561,5.627,0.077
0,TAG,6.479991436004639,3.59,5.621,0.116
0,TAG,6.490853786468506,3.577,5.628,0.008
0,TAG,6.501704454421997,3.584,5.639,0.012
0,TAG,6.512553930282593,3.592,5.628,0.249
0,TAG,6.527467489242554,3.608,5.623,0.162
0,TAG,6.5274858474731445,3.588,5.631,0.159
0,TAG,6.538273334503174,3.589,5.622,0.039
0,TAG,6.549133777618408,3.601,5.634,0.129
0,TAG,6.560001373291016,3.597,5.626,0.216
0,TAG,6.5708887577056885,3.605,5.617,0.215
0,TAG,6.5817224979400635,3.608,5.628,0.173
0,TAG,6.592556715011597,3.619,5.623,0.144
0,TAG,6.607427597045898,3.637,5.63,0.207
0,TAG,6.6074464321136475,3.625,5.631,0.093
0,TAG,6.618275165557861,3.621,5.631,0.266
0,TAG,6.629128456115723,3.622,5.624,0.048
0,TAG,6.639965534210205,3.613,5.63,0.272
0,TAG,6.650861978530884,3.622,5.62,0.161
0,TAG,6.661683082580566,3.613,5.621,0.286
0,TAG,6.67254638671875,3.619,5.631,0.17
0,TAG,6.6874284744262695,3.614,5.633,0.125
0,TAG,6.687458515167236,3.609,5.628,0.217
0,TAG,6.698285102844238,3.614,5.625,0.343
0,TAG,6.709125280380249,3.62,5.62,0.109
0,TAG,6.719987869262695,3.593,5.631,-0.017
0,TAG,6.730854272842407,3.634,5.634,0.17
0,TAG,6.741679668426514,3.63,5.632,0.147
0,TAG,6.752550363540649,3.611,5.628,0.07
0,TAG,6.7674291133880615,3.626,5.621,0.325
0,TAG,6.767446517944336,3.612,5.623,0.048
0,TAG,6.778285264968872,3.606,5.617,0.216
0,TAG,6.7891106605529785,3.606,5.614,0.334
0,TAG,6.799997091293335,3.612,5.612,0.168
0,TAG,6.810863018035889,3.617,5.617,0.189
0,TAG,6.821693658828735,3.626,5.612,0.233
0,TAG,6.832550287246704,3.608,5.621,0.06
0,TAG,6.847429275512695,3.619,5.618,0.133
0,TAG,6.847447395324707,3.621,5.612,0.195
0,TAG,6.858285427093506,3.6,5.621,0.029
0,TAG,6.869129180908203,3.609,5.622,0.16
0,TAG,6.879990339279175,3.609,5.622,0.207
0,TAG,6.890862703323364,3.578,5.63,0.077
0,TAG,6.901712894439697,3.581,5.606,0.205
0,TAG,6.912556409835815,3.593,5.621,0.174
0,TAG,6.9274420738220215,3.595,5.623,0.031
0,TAG,6.9274656772613525,3.639,5.629,0.203
0,TAG,6.938326120376587,3.595,5.62,0.127
0,TAG,6.949138164520264,3.615,5.625,0.171
0,TAG,6.959988117218018,3.619,5.627,0.216
0,TAG,6.970863580703735,3.627,5.622,0.178
0,TAG,6.981684923171997,3.617,5.617,0.283
0,TAG,6.992541313171387,3.618,5.609,0.253
0,TAG,7.00743293762207,3.605,5.625,0.116
0,TAG,7.007450580596924,3.621,5.625,0.128
0,TAG,7.018321990966797,3.595,5.615,0.245
0,TAG,7.02914571762085,3.591,5.619,0.2
0,TAG,7.03995943069458,3.593,5.607,0.254
0,TAG,7.050845146179199,3.598,5.613,0.178
0,TAG,7.061694860458374,3.607,5.616,0.087
0,TAG,7.072540998458862,3.622,5.625,0.295
0,TAG,7.087425231933594,3.62,5.63,0.225
0,TAG,7.087443590164185,3.614,5.623,0.162
0,TAG,7.0982749462127686,3.63,5.619,0.135
0,TAG,7.109127998352051,3.611,5.634,0.064
0,TAG,7.11998724937439,3.645,5.637,0.171
0,TAG,7.130852699279785,3.617,5.628,0.202
0,TAG,7.141693592071533,3.625,5.628,0.103
0,TAG,7.152549743652344,3.64,5.627,0.252
0,TAG,7.167426109313965,3.638,5.626,0.105
0,TAG,7.167443513870239,3.622,5.623,0.05
0,TAG,7.17828106880188,3.633,5.624,0.225
0,TAG,7.189128398895264,3.612,5.618,0.176
0,TAG,7.199998617172241,3.604,5.62,0.193
0,TAG,7.2108564376831055,3.632,5.616,0.21
0,TAG,7.221691131591797,3.617,5.616,0.18
0,TAG,7.23255729675293,3.618,5.611,0.159
0,TAG,7.24744725227356,3.618,5.62,0.11
0,TAG,7.247469902038574,3.644,5.622,0.023
0,TAG,7.258291244506836,3.635,5.624,0.156
0,TAG,7.269134521484375,3.62,5.62,0.21
0,TAG,7.279989004135132,3.604,5.617,0.081
0,TAG,7.290858745574951,3.604,5.613,0.15
0,TAG,7.30170464515686,3.591,5.616,0.109
0,TAG,7.312557220458984,3.61,5.619,0.194
0,TAG,7.327430725097656,3.603,5.613,0.138
0,TAG,7.327449560165405,3.598,5.629,0.12
0,TAG,7.338280916213989,3.625,5.61,0.073
0,TAG,7.349138498306274,3.608,5.604,0.06
0,TAG,7.359989404678345,3.607,5.628,-0.103
0,TAG,7.370855808258057,3.617,5.609,0.304
0,TAG,7.3816914558410645,3.6,5.609,0.243
0,TAG,7.392543315887451,3.589,5.618,0.072
0,TAG,7.407446384429932,3.608,5.608,0.212
0,TAG,7.407465219497681,3.609,5.614,0.099
0,TAG,7.418294906616211,3.589,5.617,0.019
0,TAG,7.429119825363159,3.612,5.618,0.214
0,TAG,7.439995527267456,3.637,5.634,0.001
0,TAG,7.450859785079956,3.616,5.62,0.175
0,TAG,7.4617180824279785,3.628,5.605,0.384
0,TAG,7.472553968429565,3.587,5.614,0.098
0,TAG,7.48744797706604,3.614,5.608,0.128
0,TAG,7.487465858459473,3.608,5.608,0.204
0,TAG,7.498294353485107,3.586,5.61,0.103
0,TAG,7.509155511856079,3.613,5.613,0.261
0,TAG,7.520002365112305,3.635,5.618,0.094
0,TAG,7.530858993530273,3.609,5.629,0.058
0,TAG,7.54170560836792,3.641,5.623,0.119
0,TAG,7.552557468414307,3.645,5.629,0.107
0,TAG,7.5674872398376465,3.618,5.612,0.287
0,TAG,7.567504644393921,3.629,5.613,0.386
0,TAG,7.578343391418457,3.626,5.617,0.119
0,TAG,7.589144945144653,3.625,5.617,0.178
0,TAG,7.5999977588653564,3.645,5.624,0.239
0,TAG,7.610863208770752,3.629,5.627,0.038
0,TAG,7.621708393096924,3.658,5.621,0.145
0,TAG,7.632561445236206,3.65,5.636,0.187
0,TAG,7.647441148757935,3.622,5.634,0.147
0,TAG,7.647457838058472,3.627,5.63,0.242
0,TAG,7.658329248428345,3.634,5.628,0.174
0,TAG,7.66915225982666,3.618,5.638,0.186
0,TAG,7.68000602722168,3.632,5.628,0.118
0,TAG,7.690859317779541,3.588,5.618,0.389
0,TAG,7.701716184616089,3.566,5.609,0.252
0,TAG,7.712585687637329,3.575,5.606,0.278
0,TAG,7.727440357208252,3.597,5.612,0.16
0,TAG,7.727457761764526,3.59,5.616,0.148
0,TAG,7.738295555114746,3.611,5.629,0.188
0,TAG,7.749159097671509,3.618,5.63,0.146
0,TAG,7.760005235671997,3.619,5.636,0.209
0,TAG,7.770861387252808,3.572,5.615,0.307
0,TAG,7.781710863113403,3.609,5.617,0.341
0,TAG,7.792577028274536,3.586,5.606,0.047
0,TAG,7.807489395141602,3.577,5.613,0.164
0,TAG,7.807506561279297,3.566,5.611,0.147
0,TAG,7.8183372020721436,3.595,5.617,0.181
0,TAG,7.82914662361145,3.595,5.621,0.217
0,TAG,7.840007543563843,3.584,5.606,0.347
0,TAG,7.850863218307495,3.561,5.595,0.358
0,TAG,7.861712217330933,3.571,5.61,0.243
0,TAG,7.872553586959839,3.577,5.609,0.279
0,TAG,7.887486696243286,3.606,5.615,0.169
0,TAG,7.887507915496826,3.597,5.626,0.058
0,TAG,7.898300886154175,3.601,5.615,0.361
0,TAG,7.90913724899292,3.589,5.61,0.312
0,TAG,7.91999363899231,3.595,5.608,0.282
0,TAG,7.930851221084595,3.612,5.61,0.32
0,TAG,7.941710710525513,3.601,5.621,0.191
0,TAG,7.952580451965332,3.615,5.62,0.301
0,TAG,7.967446565628052,3.645,5.618,0.266
0,TAG,7.967472791671753,3.617,5.623,0.204
0,TAG,7.978312015533447,3.593,5.606,0.528
0,TAG,7.989158391952515,3.603,5.605,0.42
0,TAG,8.000032663345337,3.572,5.611,0.128
0,TAG,8.010871410369873,3.592,5.613,0.352
0,TAG,8.021724939346313,3.608,5.625,0.173
0,TAG,8.032558917999268,3.602,5.624,0.315
0,TAG,8.047457933425903,3.593,5.624,0.484
0,TAG,8.047481060028076,3.603,5.612,0.264
0,TAG,8.058300733566284,3.592,5.607,0.354
0,TAG,8.069145202636719,3.607,5.613,0.334
0,TAG,8.080010414123535,3.605,5.619,0.138
0,TAG,8.09086537361145,3.612,5.603,0.43
0,TAG,8.101737022399902,3.61,5.599,0.355
0,TAG,8.112589359283447,3.604,5.611,0.337
0,TAG,8.127469062805176,3.604,5.599,0.404
0,TAG,8.127492427825928,3.629,5.609,0.235
0,TAG,8.138332843780518,3.609,5.608,0.183
0,TAG,8.149177074432373,3.614,5.616,0.379
0,TAG,8.16001033782959,3.602,5.605,0.246
0,TAG,8.170865774154663,3.58,5.623,0.23
0,TAG,8.181701421737671,3.582,5.612,0.189
0,TAG,8.192593097686768,3.601,5.614,0.208
0,TAG,8.207485437393188,3.587,5.602,0.286
0,TAG,8.207505464553833,3.588,5.597,0.199
0,TAG,8.218312740325928,3.587,5.608,0.258
0,TAG,8.229182720184326,3.6,5.606,0.338
0,TAG,8.240047693252563,3.603,5.612,0.313
0,TAG,8.250899076461792,3.562,5.61,0.073
0,TAG,8.261734247207642,3.591,5.602,0.345
0,TAG,8.272610425949097,3.594,5.589,0.198
0,TAG,8.287454843521118,3.592,5.608,0.25
0,TAG,8.287473678588867,3.581,5.591,0.187
0,TAG,8.298322677612305,3.617,5.604,0.255
0,TAG,8.309202432632446,3.576,5.596,0.157
0,TAG,8.320035219192505,3.594,5.605,0.361
0,TAG,8.33087944984436,3.566,5.584,0.145
0,TAG,8.341748714447021,3.599,5.603,0.211
0,TAG,8.352607011795044,3.577,5.604,0.171
0,TAG,8.367483139038086,3.591,5.604,0.272
0,TAG,8.367509365081787,3.567,5.587,0.2
0,TAG,8.37833857536316,3.599,5.596,0.273
0,TAG,8.389195680618286,3.566,5.605,0.222
0,TAG,8.400031328201294,3.61,5.608,0.301
0,TAG,8.410903453826904,3.604,5.607,0.201
0,TAG,8.421720743179321,3.608,5.62,0.292
0,TAG,8.432574272155762,3.606,5.61,0.307
0,TAG,8.447527170181274,3.625,5.612,0.278
0,TAG,8.447548151016235,3.614,5.611,0.09
0,TAG,8.4583420753479,3.639,5.63,0.337
0,TAG,8.469165563583374,3.645,5.626,0.16
0,TAG,8.480066537857056,3.648,5.633,0.297
0,TAG,8.490882873535156,3.646,5.623,0.294
0,TAG,8.501721382141113,3.62,5.618,0.325
0,TAG,8.512604475021362,3.636,5.619,0.311
0,TAG,8.527470827102661,3.634,5.62,0.174
0,TAG,8.527488231658936,3.644,5.628,0.231
0,TAG,8.538335084915161,3.663,5.625,0.279
0,TAG,8.549165964126587,3.648,5.622,0.325
0,TAG,8.56002926826477,3.617,5.621,0.177
0,TAG,8.570887088775635,3.633,5.617,0.384
0,TAG,8.581747055053711,3.619,5.61,0.206
0,TAG,8.59261155128479,3.649,5.627,0.232
0,TAG,8.607553005218506,3.641,5.625,0.121
0,TAG,8.607569932937622,3.647,5.624,0.298
0,TAG,8.618353843688965,3.623,5.619,0.304
0,TAG,8.629184246063232,3.628,5.614,0.205
0,TAG,8.64003300666809,3.611,5.616,0.161
0,TAG,8.650889158248901,3.645,5.622,0.301
0,TAG,8.661744356155396,3.636,5.625,0.18
0,TAG,8.672584533691406,3.66,5.641,0.139
0,TAG,8.687482357025146,3.629,5.626,0.244
0,TAG,8.687502384185791,3.644,5.626,0.35
0,TAG,8.698326110839844,3.63,5.618,0.11
0,TAG,8.709181070327759,3.635,5.625,0.219
0,TAG,8.720050573348999,3.634,5.617,0.377
0,TAG,8.73088264465332,3.658,5.632,0.183
0,TAG,8.741735458374023,3.632,5.625,0.089
0,TAG,8.752579689025879,3.602,5.621,0.18
0,TAG,8.767459630966187,3.615,5.607,0.217
0,TAG,8.767477035522461,3.612,5.607,0.256
0,TAG,8.778367757797241,3.614,5.613,0.138
0,TAG,8.789155960083008,3.617,5.617,0.085
0,TAG,8.800043821334839,3.606,5.613,0.286
0,TAG,8.810874223709106,3.607,5.61,0.142
0,TAG,8.82172155380249,3.61,5.61,0.342
0,TAG,8.8325777053833,3.64,5.611,0.23
0,TAG,8.847461700439453,3.634,5.63,0.144
0,TAG,8.847479343414307,3.651,5.636,0.233
0,TAG,8.858325004577637,3.644,5.635,0.301
0,TAG,8.869168519973755,3.631,5.623,0.375
0,TAG,8.880029439926147,3.653,5.625,0.289
0,TAG,8.890877962112427,3.653,5.63,0.119
0,TAG,8.901750326156616,3.666,5.632,0.264
0,TAG,8.912607908248901,3.644,5.631,0.352
0,TAG,8.927518844604492,3.639,5.629,0.255
0,TAG,8.92753791809082,3.64,5.625,0.274
0,TAG,8.938335418701172,3.655,5.618,0.307
0,TAG,8.949169635772705,3.66,5.629,0.11
0,TAG,8.960046529769897,3.646,5.626,0.233
0,TAG,8.97089171409607,3.644,5.618,0.233
0,TAG,8.981747388839722,3.628,5.622,0.362
0,TAG,8.992622375488281,3.623,5.612,0.26
0,TAG,9.00747799873352,3.636,5.621,0.24
0,TAG,9.007495403289795,3.645,5.625,0.059
0,TAG,9.018345594406128,3.642,5.62,0.455
0,TAG,9.029191017150879,3.629,5.613,0.204
0,TAG,9.040046691894531,3.629,5.619,0.315
0,TAG,9.05089521408081,3.611,5.614,0.306
0,TAG,9.061742544174194,3.627,5.617,0.209
0,TAG,9.072607040405273,3.611,5.617,0.198
0,TAG,9.087475776672363,3.629,5.621,0.277
0,TAG,9.087493896484375,3.595,5.618,0.212
0,TAG,9.098376035690308,3.632,5.621,0.417
0,TAG,9.10918641090393,3.636,5.615,0.149
0,TAG,9.120048999786377,3.632,5.634,0.224
0,TAG,9.130896806716919,3.623,5.627,0.291
0,TAG,9.141770124435425,3.623,5.616,0.377
0,TAG,9.152601480484009,3.584,5.609,0.14
0,TAG,9.167480230331421,3.601,5.613,0.23
0,TAG,9.167497634887695,3.614,5.619,0.094
0,TAG,9.17832636833191,3.615,5.613,0.144
0,TAG,9.189188718795776,3.604,5.616,0.481
0,TAG,9.200058221817017,3.581,5.605,0.22
0,TAG,9.210904121398926,3.592,5.609,0.24
0,TAG,9.2217538356781,3.605,5.605,0.221
0,TAG,9.232616186141968,3.633,5.62,0.247
0,TAG,9.247482061386108,3.628,5.611,0.192
0,TAG,9.24750304222107,3.621,5.608,0.412
0,TAG,9.258353233337402,3.623,5.611,0.346
0,TAG,9.269229888916016,3.628,5.613,0.221
0,TAG,9.280076503753662,3.614,5.618,0.181
0,TAG,9.290902376174927,3.585,5.608,0.189
0,TAG,9.301763534545898,3.594,5.598,0.492
0,TAG,9.312609910964966,3.616,5.6,0.18
0,TAG,9.327536821365356,3.595,5.609,0.018
0,TAG,9.327556610107422,3.602,5.613,0.231
0,TAG,9.338346719741821,3.602,5.614,0.302
0,TAG,9.34920048713684,3.591,5.604,0.321
0,TAG,9.360051393508911,3.613,5.606,0.225
0,TAG,9.370917081832886,3.612,5.614,0.215
0,TAG,9.381768226623535,3.641,5.61,0.351
0,TAG,9.392616510391235,3.645,5.611,0.243
0,TAG,9.407501459121704,3.608,5.613,0.348
0,TAG,9.407520055770874,3.6,5.608,0.219
0,TAG,9.418373107910156,3.633,5.612,0.188
0,TAG,9.42922067642212,3.634,5.613,0.188
0,TAG,9.440061807632446,3.639,5.625,0.281
0,TAG,9.450934171676636,3.628,5.61,0.311
0,TAG,9.461772918701172,3.606,5.608,0.342
0,TAG,9.472623109817505,3.626,5.619,0.249
0,TAG,9.487501859664917,3.628,5.621,0.178
0,TAG,9.487531185150146,3.616,5.621,0.157
0,TAG,9.498356342315674,3.621,5.612,0.305
0,TAG,9.509207248687744,3.624,5.613,0.366
0,TAG,9.520093441009521,3.626,5.616,0.225
0,TAG,9.530941486358643,3.641,5.623,0.307
0,TAG,9.541768074035645,3.62,5.617,0.221
0,TAG,9.552624225616455,3.629,5.617,0.299
0,TAG,9.567501783370972,3.614,5.61,0.342
0,TAG,9.567521333694458,3.608,5.616,0.173
0,TAG,9.578360795974731,3.596,5.608,0.22
0,TAG,9.589227199554443,3.617,5.618,0.275
0,TAG,9.600060224533081,3.596,5.614,0.199
0,TAG,9.610920667648315,3.612,5.613,0.345
0,TAG,9.621787071228027,3.612,5.604,0.254
0,TAG,9.632641077041626,3.606,5.617,0.199
0,TAG,9.647503852844238,3.588,5.602,0.336
0,TAG,9.64752984046936,3.602,5.619,0.175
0,TAG,9.658366680145264,3.617,5.609,0.338
0,TAG,9.669220685958862,3.609,5.612,0.299
0,TAG,9.680078029632568,3.592,5.619,0.171
0,TAG,9.690927743911743,3.575,5.614,0.236
0,TAG,9.701778411865234,3.592,5.603,0.281
0,TAG,9.712622165679932,3.591,5.617,0.073
0,TAG,9.72751760482788,3.601,5.614,0.337
0,TAG,9.727537870407104,3.604,5.613,0.308
0,TAG,9.738385915756226,3.621,5.615,0.223
0,TAG,9.74923038482666,3.619,5.614,0.178
0,TAG,9.760102272033691,3.588,5.616,0.228
0,TAG,9.770915508270264,3.593,5.613,0.24
0,TAG,9.78177785873413,3.583,5.61,0.364
0,TAG,9.792638778686523,3.578,5.612,0.167
0,TAG,9.807542324066162,3.599,5.613,0.163
0,TAG,9.807563304901123,3.621,5.608,0.273
0,TAG,9.818381309509277,3.586,5.601,0.266
0,TAG,9.829207181930542,3.549,5.598,0.246
0,TAG,9.840075731277466,3.563,5.594,0.228
0,TAG,9.850924968719482,3.562,5.593,0.096
0,TAG,9.861820220947266,3.588,5.603,0.166
0,TAG,9.872631788253784,3.606,5.606,0.131
0,TAG,9.887551546096802,3.58,5.606,0.304
0,TAG,9.887574911117554,3.575,5.593,0.294
0,TAG,9.898375034332275,3.568,5.596,0.245
0,TAG,9.90922737121582,3.566,5.614,0.041
0,TAG,9.920099973678589,3.593,5.612,0.079
0,TAG,9.93094277381897,3.558,5.619,0.312
0,TAG,9.941781044006348,3.576,5.603,0.274
0,TAG,9.952649593353271,3.583,5.605,0.187
0,TAG,9.967585802078247,3.593,5.618,0.035
0,TAG,9.96760606765747,3.611,5.614,0.187
0,TAG,9.978376626968384,3.601,5.609,0.207
0,TAG,9.989230155944824,3.594,5.613,0.174
0,TAG,10.00007438659668,3.596,5.602,0.176
0,TAG,10.010931253433228,3.602,5.616,0.169
0,TAG,10.021815299987793,3.589,5.616,0.091
0,TAG,10.032644510269165,3.612,5.621,0.198
0,TAG,10.047537803649902,3.616,5.617,0.26
0,TAG,10.047559022903442,3.599,5.624,0.158
0,TAG,10.05838656425476,3.614,5.626,0.179
0,TAG,10.069223642349243,3.623,5.622,0.247
0,TAG,10.080089807510376,3.611,5.626,0.087
0,TAG,10.090919017791748,3.613,5.617,0.175
0,TAG,10.101804733276367,3.62,5.617,0.123
0,TAG,10.112630128860474,3.618,5.626,0.318
0,TAG,10.12753677368164,3.628,5.619,0.343
0,TAG,10.127565383911133,3.646,5.631,0.003
0,TAG,10.138367652893066,3.643,5.635,0.126
0,TAG,10.149258852005005,3.624,5.629,0.221
0,TAG,10.160094976425171,3.601,5.626,0.084
0,TAG,10.170900821685791,3.614,5.631,0.167
0,TAG,10.181792497634888,3.626,5.641,0.088
0,TAG,10.192606210708618,3.623,5.65,0.03
0,TAG,10.207628011703491,3.622,5.629,0.203
0,TAG,10.207653999328613,3.624,5.62,0.283
0,TAG,10.2183678150177,3.628,5.639,-0.045
0,TAG,10.229219436645508,3.644,5.632,0.176
0,TAG,10.24009370803833,3.616,5.626,0.231
0,TAG,10.250970363616943,3.591,5.625,0.139
0,TAG,10.261812448501587,3.633,5.635,0.182
0,TAG,10.272639274597168,3.637,5.643,-0.076
0,TAG,10.287581443786621,3.647,5.645,0.039
0,TAG,10.287601709365845,3.624,5.626,0.209
0,TAG,10.298388957977295,3.59,5.622,0.163
0,TAG,10.309238910675049,3.61,5.625,0.029
0,TAG,10.32008147239685,3.618,5.633,0.07
0,TAG,10.330968141555786,3.592,5.63,0.161
0,TAG,10.34182620048523,3.588,5.617,0.186
0,TAG,10.352670669555664,3.608,5.619,0.268
0,TAG,10.367556095123291,3.614,5.628,-0.083
0,TAG,10.367577075958252,3.637,5.621,0.221
0,TAG,10.378394365310669,3.598,5.608,0.168
0,TAG,10.38922929763794,3.571,5.614,0.079
0,TAG,10.400128602981567,3.584,5.609,0.214
0,TAG,10.410940885543823,3.615,5.619,-0.052
0,TAG,10.42181396484375,3.608,5.637,0.005
0,TAG,10.432619094848633,3.594,5.618,0.322
0,TAG,10.447523832321167,3.596,5.624,0.12
0,TAG,10.447541236877441,3.579,5.609,0.436
0,TAG,10.458407878875732,3.594,5.615,0.027
0,TAG,10.46922779083252,3.597,5.626,-0.048
0,TAG,10.480119705200195,3.563,5.617,0.114
0,TAG,10.49095344543457,3.594,5.61,0.208
0,TAG,10.501813650131226,3.602,5.625,0.073
0,TAG,10.51263689994812,3.627,5.634,0.081
0,TAG,10.527564287185669,3.647,5.631,0.027
0,TAG,10.52758502960205,3.614,5.645,0.083
0,TAG,10.53838562965393,3.616,5.628,0.145
0,TAG,10.549243211746216,3.621,5.635,0.131
0,TAG,10.560094118118286,3.606,5.647,0.012
0,TAG,10.570981740951538,3.641,5.645,0.096
0,TAG,10.581798076629639,3.619,5.632,0.099
0,TAG,10.592716455459595,3.609,5.638,0.09
0,TAG,10.60754656791687,3.632,5.632,0.09
0,TAG,10.607564210891724,3.61,5.644,0.025
0,TAG,10.618382692337036,3.617,5.654,-0.074
0,TAG,10.629236936569214,3.62,5.641,0.286
0,TAG,10.640105724334717,3.606,5.642,0.13
0,TAG,10.650954246520996,3.597,5.626,0.291
0,TAG,10.661815404891968,3.61,5.625,0.222
0,TAG,10.672666549682617,3.609,5.644,0.021
0,TAG,10.687536001205444,3.636,5.647,0.057
0,TAG,10.687553644180298,3.619,5.634,0.221
0,TAG,10.698400735855103,3.571,5.631,0.104
0,TAG,10.709244966506958,3.579,5.637,0.242
0,TAG,10.720108270645142,3.58,5.639,0.07
0,TAG,10.73097038269043,3.612,5.651,-0.037
0,TAG,10.741837978363037,3.613,5.637,0.279
0,TAG,10.752665042877197,3.62,5.639,-0.002
0,TAG,10.767544746398926,3.59,5.643,0.036
0,TAG,10.767584085464478,3.602,5.637,0.292
0,TAG,10.778400421142578,3.62,5.648,-0.035
0,TAG,10.789252996444702,3.648,5.661,-0.012
0,TAG,10.800106763839722,3.664,5.651,0.148
0,TAG,10.810968160629272,3.605,5.64,0.268
0,TAG,10.82181692123413,3.616,5.637,0.224
0,TAG,10.832670211791992,3.628,5.641,0.11
0,TAG,10.847550630569458,3.638,5.658,-0.143
0,TAG,10.847563743591309,3.61,5.622,0.498
0,TAG,10.858404874801636,3.647,5.637,-0.052
0,TAG,10.869262933731079,3.617,5.648,-0.111
0,TAG,10.880103588104248,3.601,5.629,0.378
0,TAG,10.890965700149536,3.607,5.635,0.066
0,TAG,10.901819229125977,3.624,5.638,0.082
0,TAG,10.912678241729736,3.659,5.651,0.092
0,TAG,10.927546501159668,3.662,5.661,-0.09
0,TAG,10.927565097808838,3.611,5.646,0.082
0,TAG,10.938403844833374,3.638,5.635,0.246
0,TAG,10.949264764785767,3.634,5.643,-0.083
0,TAG,10.960113286972046,3.636,5.628,0.208
0,TAG,10.97096061706543,3.632,5.634,0.03
0,TAG,10.98183012008667,3.597,5.641,0.054
0,TAG,10.992694616317749,3.614,5.638,0.027
0,TAG,11.00756287574768,3.602,5.625,0.145
0,TAG,11.007580041885376,3.62,5.65,-0.108
0,TAG,11.018408298492432,3.623,5.64,0.18
0,TAG,11.029272079467773,3.628,5.64,0.138
0,TAG,11.040116786956787,3.627,5.643,0.035
0,TAG,11.050976753234863,3.639,5.646,0.09
0,TAG,11.061825513839722,3.589,5.631,0.014
0,TAG,11.072707176208496,3.594,5.639,-0.036
0,TAG,11.087604999542236,3.604,5.62,0.333
0,TAG,11.087621927261353,3.592,5.621,0.095
0,TAG,11.09841275215149,3.63,5.634,0.052
0,TAG,11.109273195266724,3.618,5.622,0.219
0,TAG,11.120121002197266,3.619,5.637,-0.077
0,TAG,11.130972146987915,3.595,5.625,0.246
0,TAG,11.141823053359985,3.614,5.625,0.233
0,TAG,11.152693748474121,3.613,5.644,-0.092
0,TAG,11.167554378509521,3.62,5.649,0.215
0,TAG,11.16757321357727,3.599,5.634,0.109
0,TAG,11.178411483764648,3.586,5.631,0.065
0,TAG,11.189263105392456,3.604,5.623,0.175
0,TAG,11.200107336044312,3.587,5.618,0.122
0,TAG,11.21097707748413,3.599,5.639,0.069
0,TAG,11.221819400787354,3.605,5.63,0.181
0,TAG,11.232679843902588,3.622,5.651,0.059
0,TAG,11.247570991516113,3.591,5.648,0.023
0,TAG,11.247588396072388,3.616,5.64,0.241
0,TAG,11.258427619934082,3.585,5.637,0.106
0,TAG,11.269269466400146,3.604,5.631,0.099
0,TAG,11.280139923095703,3.648,5.643,-0.042
0,TAG,11.290982246398926,3.617,5.641,0.069
0,TAG,11.30182957649231,3.607,5.64,0.155
0,TAG,11.312689542770386,3.591,5.624,0.292
0,TAG,11.327582120895386,3.57,5.632,0.011
0,TAG,11.327600240707397,3.594,5.625,0.211
0,TAG,11.338426113128662,3.607,5.638,0.06
0,TAG,11.349283933639526,3.594,5.636,0.034
0,TAG,11.360132217407227,3.598,5.617,0.32
0,TAG,11.37098503112793,3.583,5.624,0.181
0,TAG,11.381893634796143,3.592,5.626,0.09
0,TAG,11.392719268798828,3.621,5.63,0.297
0,TAG,11.407588720321655,3.628,5.637,0.03
0,TAG,11.407606840133667,3.635,5.637,0.034
0,TAG,11.41842794418335,3.602,5.624,0.289
0,TAG,11.42928671836853,3.59,5.628,0.107
0,TAG,11.44013524055481,3.604,5.633,0.109
0,TAG,11.450989723205566,3.623,5.646,-0.012
0,TAG,11.461824417114258,3.601,5.648,0.024
0,TAG,11.47270917892456,3.608,5.635,0.349
0,TAG,11.48765754699707,3.599,5.631,0.217
0,TAG,11.487678050994873,3.589,5.627,-0.008
0,TAG,11.498469114303589,3.632,5.636,0.049
0,TAG,11.50929880142212,3.624,5.643,0.047
0,TAG,11.520133972167969,3.589,5.645,0.117
0,TAG,11.531079053878784,3.576,5.628,0.306
0,TAG,11.541868925094604,3.586,5.626,0.161
0,TAG,11.552693843841553,3.607,5.632,0.081
0,TAG,11.567603349685669,3.616,5.627,0.106
0,TAG,11.567622184753418,3.585,5.621,0.2
0,TAG,11.57844591140747,3.544,5.611,0.133
0,TAG,11.589298725128174,3.565,5.601,0.255
0,TAG,11.600134372711182,3.596,5.616,0.025
0,TAG,11.611010789871216,3.605,5.609,0.152
0,TAG,11.62188196182251,3.602,5.617,0.322
0,TAG,11.632707595825195,3.567,5.622,-0.015
0,TAG,11.647580623626709,3.567,5.622,0.105
0,TAG,11.647598028182983,3.579,5.635,0.02
0,TAG,11.65844464302063,3.576,5.631,-0.11
0,TAG,11.669294595718384,3.573,5.626,0.233
0,TAG,11.680154800415039,3.564,5.618,0.31
0,TAG,11.691000938415527,3.575,5.636,0.084
0,TAG,11.701902627944946,3.602,5.625,0.105
0,TAG,11.712745428085327,3.623,5.636,0.04
0,TAG,11.727606773376465,3.588,5.625,0.088
0,TAG,11.727626323699951,3.584,5.61,0.286
0,TAG,11.738441705703735,3.586,5.619,0.158
0,TAG,11.749328136444092,3.589,5.621,0.007
0,TAG,11.760157108306885,3.62,5.627,0.208
0,TAG,11.771037101745605,3.625,5.636,0.024
0,TAG,11.781879901885986,3.61,5.623,0.286
0,TAG,11.792754173278809,3.613,5.622,0.174
0,TAG,11.807690620422363,3.607,5.628,0.038
0,TAG,11.80771541595459,3.605,5.629,0.135
0,TAG,11.818448543548584,3.587,5.629,0.212
0,TAG,11.82932186126709,3.572,5.629,0.143
0,TAG,11.840245723724365,3.591,5.621,0.222
0,TAG,11.851049661636353,3.588,5.63,0.195
0,TAG,11.861884832382202,3.588,5.628,0.036
0,TAG,11.872721910476685,3.584,5.635,0.206
0,TAG,11.887600898742676,3.584,5.633,0.091
0,TAG,11.887620687484741,3.574,5.628,0.264
0,TAG,11.898492574691772,3.599,5.624,0.26
0,TAG,11.90934157371521,3.609,5.627,0.058
0,TAG,11.920192003250122,3.61,5.625,0.161
0,TAG,11.931010484695435,3.611,5.625,0.267
0,TAG,11.941901445388794,3.587,5.621,0.203
0,TAG,11.952767372131348,3.589,5.631,0.166
0,TAG,11.967604160308838,3.641,5.639,0.076
0,TAG,11.96762204170227,3.614,5.632,0.108
0,TAG,11.978550434112549,3.596,5.622,0.434
0,TAG,11.989322900772095,3.594,5.61,0.312
0,TAG,12.000167846679688,3.604,5.63,0.04
0,TAG,12.011038064956665,3.629,5.646,-0.041
0,TAG,12.021872282028198,3.608,5.628,0.295
0,TAG,12.03272819519043,3.565,5.621,0.195
0,TAG,12.04771089553833,3.577,5.615,0.422
0,TAG,12.047731876373291,3.596,5.629,-0.036
0,TAG,12.058492422103882,3.57,5.624,0.168
0,TAG,12.06933856010437,3.554,5.608,0.305
0,TAG,12.080169200897217,3.542,5.615,0.303
0,TAG,12.091030597686768,3.567,5.634,0.07
0,TAG,12.101880311965942,3.609,5.629,0.086
0,TAG,12.112714052200317,3.599,5.641,0.069
0,TAG,12.12760853767395,3.561,5.618,0.358
0,TAG,12.127625465393066,3.562,5.607,0.31
0,TAG,12.138468503952026,3.591,5.63,-0.009
0,TAG,12.14934229850769,3.59,5.625,0.142
0,TAG,12.160188674926758,3.603,5.629,0.079
0,TAG,12.17106294631958,3.596,5.626,0.187
0,TAG,12.181902170181274,3.574,5.6,0.377
0,TAG,12.19271445274353,3.6,5.608,0.224
0,TAG,12.207604169845581,3.587,5.618,-0.02
0,TAG,12.207622528076172,3.571,5.607,0.23
0,TAG,12.218463897705078,3.533,5.601,0.373
0,TAG,12.229313373565674,3.544,5.611,0.008
0,TAG,12.240199327468872,3.582,5.607,0.212
0,TAG,12.251033782958984,3.587,5.628,0.016
0,TAG,12.261876583099365,3.571,5.611,0.265
0,TAG,12.272762775421143,3.572,5.608,0.184
0,TAG,12.28762412071228,3.577,5.615,-0.032
0,TAG,12.287643194198608,3.584,5.625,0.03
0,TAG,12.298505544662476,3.565,5.608,0.446
0,TAG,12.309364080429077,3.547,5.613,0.101
0,TAG,12.32020902633667,3.579,5.613,0.076
0,TAG,12.331042528152466,3.612,5.623,-0.03
0,TAG,12.34192943572998,3.558,5.609,0.299
0,TAG,12.352787017822266,3.58,5.596,0.344
0,TAG,12.367624044418335,3.612,5.619,-0.065
0,TAG,12.367642402648926,3.574,5.626,0.055
0,TAG,12.378478050231934,3.57,5.612,0.323
0,TAG,12.389344453811646,3.567,5.613,0.161
0,TAG,12.400192260742188,3.583,5.632,0.096
0,TAG,12.411071300506592,3.598,5.622,0.409
0,TAG,12.421891212463379,3.571,5.603,0.257
0,TAG,12.432753086090088,3.556,5.615,0.214
0,TAG,12.447651624679565,3.576,5.614,0.181
0,TAG,12.44767165184021,3.615,5.641,-0.137
0,TAG,12.458507776260376,3.585,5.628,0.139
0,TAG,12.469373941421509,3.6,5.616,0.346
0,TAG,12.480221033096313,3.595,5.628,0.092
0,TAG,12.49105715751648,3.643,5.645,0.051
0,TAG,12.501899719238281,3.642,5.634,0.195
0,TAG,12.512787580490112,3.598,5.629,0.083
0,TAG,12.527676343917847,3.589,5.634,0.089
0,TAG,12.527693748474121,3.673,5.657,0.225
0,TAG,12.53848671913147,3.635,5.654,0.038
0,TAG,12.549376487731934,3.642,5.642,0.349
0,TAG,12.560198783874512,3.633,5.641,0.089
0,TAG,12.571078538894653,3.639,5.655,-0.115
0,TAG,12.58193039894104,3.64,5.652,0.195
0,TAG,12.592793703079224,3.625,5.655,-0.01
0,TAG,12.60769510269165,3.611,5.644,0.079
0,TAG,12.607715129852295,3.626,5.638,0.196
0,TAG,12.618509531021118,3.624,5.632,0.13
0,TAG,12.629367113113403,3.61,5.631,0.09
0,TAG,12.640220880508423,3.608,5.623,0.24
0,TAG,12.651092290878296,3.615,5.635,-0.011
0,TAG,12.661922693252563,3.635,5.635,0.207
0,TAG,12.672784328460693,3.641,5.629,0.135
0,TAG,12.687663793563843,3.641,5.629,0.135
0,TAG,12.687680959701538,3.629,5.619,0.307
0,TAG,12.698521852493286,3.621,5.623,0.093
0,TAG,12.709367752075195,3.616,5.636,0.008
0,TAG,12.72022557258606,3.63,5.629,0.223
0,TAG,12.731086015701294,3.644,5.638,0.016
0,TAG,12.741940975189209,3.631,5.646,-0.008
0,TAG,12.752811431884766,3.648,5.64,0.086
0,TAG,12.767643690109253,3.626,5.639,0.113
0,TAG,12.767661094665527,3.644,5.645,0.06
0,TAG,12.778509378433228,3.645,5.634,0.202
0,TAG,12.789357662200928,3.627,5.639,0.01
0,TAG,12.8002290725708,3.599,5.641,-0.04
0,TAG,12.811081409454346,3.622,5.625,0.187
0,TAG,12.821921348571777,3.593,5.629,0.091
0,TAG,12.832772970199585,3.615,5.628,0.093
0,TAG,12.847676038742065,3.619,5.632,0.179
0,TAG,12.847697257995605,3.595,5.632,0.04
0,TAG,12.858516216278076,3.579,5.618,0.259
0,TAG,12.869357347488403,3.585,5.616,0.208
0,TAG,12.880201816558838,3.579,5.617,0.115
0,TAG,12.891070365905762,3.625,5.614,0.112
0,TAG,12.90193247795105,3.622,5.617,0.154
0,TAG,12.912778854370117,3.589,5.627,-0.132
0,TAG,12.927692890167236,3.611,5.618,0.241
0,TAG,12.92771053314209,3.637,5.621,0.09
0,TAG,12.938518285751343,3.612,5.629,0.019
0,TAG,12.949374437332153,3.622,5.632,0.131
0,TAG,12.960231304168701,3.614,5.626,0.196
0,TAG,12.971075057983398,3.586,5.613,0.191
0,TAG,12.982014417648315,3.6,5.612,0.2
0,TAG,12.992784976959229,3.594,5.621,0.0
0,TAG,13.007687330245972,3.577,5.599,0.235
0,TAG,13.007705450057983,3.57,5.592,0.409
0,TAG,13.018540382385254,3.574,5.615,0.121
0,TAG,13.029367923736572,3.603,5.614,0.017
0,TAG,13.040227174758911,3.637,5.627,0.189
0,TAG,13.051087856292725,3.59,5.623,0.168
0,TAG,13.062019109725952,3.593,5.608,0.173
0,TAG,13.072827816009521,3.602,5.611,-0.012
0,TAG,13.087666988372803,3.608,5.637,0.065
0,TAG,13.087684392929077,3.624,5.631,0.069
0,TAG,13.098518133163452,3.621,5.614,0.263
0,TAG,13.109379529953003,3.607,5.622,0.219
0,TAG,13.120243787765503,3.636,5.632,0.079
0,TAG,13.131120204925537,3.65,5.64,-0.072
0,TAG,13.141934156417847,3.61,5.644,-0.051
0,TAG,13.152794599533081,3.6,5.632,0.246
0,TAG,13.167691230773926,3.619,5.639,0.06
0,TAG,13.167714595794678,3.645,5.642,0.067
0,TAG,13.178532838821411,3.65,5.639,0.202
0,TAG,13.189363241195679,3.615,5.635,0.134
0,TAG,13.200282573699951,3.639,5.633,0.187
0,TAG,13.211136102676392,3.656,5.635,0.15
0,TAG,13.222072839736938,3.63,5.649,0.076
0,TAG,13.232797861099243,3.607,5.637,0.147
0,TAG,13.247685194015503,3.622,5.627,0.137
0,TAG,13.247704029083252,3.613,5.645,-0.028
0,TAG,13.25853157043457,3.634,5.643,0.263
0,TAG,13.26937484741211,3.619,5.629,0.291
0,TAG,13.280238628387451,3.61,5.634,0.132
0,TAG,13.29109525680542,3.629,5.631,0.198
0,TAG,13.302038192749023,3.601,5.626,0.309
0,TAG,13.312806367874146,3.593,5.622,0.156
0,TAG,13.327728033065796,3.624,5.621,0.243
0,TAG,13.327747821807861,3.602,5.633,0.103
0,TAG,13.338533878326416,3.579,5.631,0.218
0,TAG,13.349389791488647,3.586,5.62,0.285
0,TAG,13.360249519348145,3.597,5.638,0.112
0,TAG,13.37109088897705,3.582,5.615,0.371
0,TAG,13.381943702697754,3.597,5.61,0.253
0,TAG,13.392806768417358,3.585,5.617,0.172
0,TAG,13.407686233520508,3.601,5.623,0.169
0,TAG,13.40770411491394,3.57,5.606,0.402
0,TAG,13.418543338775635,3.588,5.611,0.139
0,TAG,13.42939805984497,3.599,5.617,0.177
0,TAG,13.440252304077148,3.584,5.612,0.315
0,TAG,13.451110601425171,3.55,5.611,0.164
0,TAG,13.46195387840271,3.583,5.606,0.187
0,TAG,13.47280478477478,3.617,5.622,0.215
0,TAG,13.487687587738037,3.576,5.618,0.307
0,TAG,13.487706422805786,3.594,5.613,0.223
0,TAG,13.498546838760376,3.615,5.616,0.115
0,TAG,13.50940465927124,3.611,5.627,0.04
0,TAG,13.520259141921997,3.576,5.606,0.464
0,TAG,13.531102895736694,3.582,5.608,0.219
0,TAG,13.542042255401611,3.578,5.609,0.135
0,TAG,13.552813291549683,3.62,5.615,0.211
0,TAG,13.567697286605835,3.587,5.605,0.191
0,TAG,13.567715406417847,3.583,5.607,0.125
0,TAG,13.578556776046753,3.597,5.616,0.331
0,TAG,13.589406728744507,3.598,5.634,-0.019
0,TAG,13.600255727767944,3.588,5.618,0.26
0,TAG,13.611153364181519,3.58,5.614,0.278
0,TAG,13.622113704681396,3.579,5.623,0.043
0,TAG,13.632836818695068,3.607,5.622,0.111
0,TAG,13.647725582122803,3.601,5.605,0.283
0,TAG,13.64774465560913,3.568,5.614,0.29
0,TAG,13.658608675003052,3.584,5.617,0.184
0,TAG,13.669431924819946,3.609,5.627,0.066
0,TAG,13.680293083190918,3.577,5.631,0.175
0,TAG,13.691129207611084,3.559,5.614,0.236
0,TAG,13.702136993408203,3.577,5.619,0.082
0,TAG,13.71284532546997,3.583,5.64,-0.016
0,TAG,13.727768182754517,3.585,5.627,0.212
0,TAG,13.727792024612427,3.552,5.617,0.311
0,TAG,13.738559484481812,3.588,5.619,0.174
0,TAG,13.749421834945679,3.606,5.622,0.21
0,TAG,13.760299921035767,3.581,5.621,0.309
0,TAG,13.771128177642822,3.581,5.615,0.178
0,TAG,13.782110452651978,3.607,5.615,0.11
0,TAG,13.792848348617554,3.575,5.617,0.061
0,TAG,13.807727575302124,3.573,5.611,0.31
0,TAG,13.807748794555664,3.603,5.61,0.141
0,TAG,13.81855821609497,3.599,5.619,0.08
0,TAG,13.829452753067017,3.555,5.607,0.257
0,TAG,13.840281009674072,3.596,5.613,0.219
0,TAG,13.851154565811157,3.584,5.621,-0.065
0,TAG,13.862070322036743,3.562,5.617,0.179
0,TAG,13.872838020324707,3.56,5.611,0.269
0,TAG,13.887691974639893,3.554,5.615,-0.045
0,TAG,13.88770341873169,3.569,5.616,0.202
0,TAG,13.898616552352905,3.565,5.604,0.22
0,TAG,13.909414529800415,3.555,5.606,0.068
0,TAG,13.920295000076294,3.569,5.594,0.119
0,TAG,13.931154727935791,3.579,5.614,0.081
0,TAG,13.94207501411438,3.57,5.622,0.217
0,TAG,13.95287036895752,3.606,5.616,0.207
0,TAG,13.96771764755249,3.593,5.609,0.114
0,TAG,13.967732429504395,3.577,5.624,0.165
0,TAG,13.97858190536499,3.595,5.617,0.301
0,TAG,13.989445924758911,3.584,5.623,0.105
0,TAG,14.000296354293823,3.577,5.623,0.055
0,TAG,14.011140584945679,3.602,5.636,-0.022
0,TAG,14.022077560424805,3.6,5.642,0.03
0,TAG,14.032854795455933,3.596,5.636,0.18
0,TAG,14.047810792922974,3.615,5.624,0.21
0,TAG,14.047831296920776,3.632,5.641,0.022
0,TAG,14.058606386184692,3.616,5.615,0.281
0,TAG,14.06944751739502,3.63,5.611,0.149
0,TAG,14.080273389816284,3.631,5.632,-0.019
0,TAG,14.0911545753479,3.652,5.642,0.157
0,TAG,14.102070569992065,3.613,5.607,0.34
0,TAG,14.112838745117188,3.614,5.625,0.039
0,TAG,14.127761125564575,3.634,5.628,0.098
0,TAG,14.127781629562378,3.649,5.638,0.065
0,TAG,14.138582944869995,3.618,5.633,0.149
0,TAG,14.14944863319397,3.644,5.642,0.206
0,TAG,14.160325527191162,3.627,5.643,0.072
0,TAG,14.17113471031189,3.588,5.631,0.116
0,TAG,14.182078123092651,3.617,5.633,0.175
0,TAG,14.192867517471313,3.625,5.637,0.118
0,TAG,14.207788228988647,3.59,5.627,0.264
0,TAG,14.207803726196289,3.619,5.626,0.219
0,TAG,14.218594312667847,3.6,5.633,0.055
0,TAG,14.229467391967773,3.607,5.644,0.058
0,TAG,14.240280628204346,3.62,5.632,0.247
0,TAG,14.251117706298828,3.617,5.632,0.149
0,TAG,14.262077808380127,3.627,5.633,0.12
0,TAG,14.272875308990479,3.597,5.607,0.569
0,TAG,14.287769317626953,3.599,5.611,0.205
0,TAG,14.287789583206177,3.608,5.621,0.23
0,TAG,14.298599481582642,3.618,5.617,0.238
0,TAG,14.309459924697876,3.584,5.627,0.123
0,TAG,14.320332765579224,3.623,5.625,0.183
0,TAG,14.331193208694458,3.65,5.638,0.097
0,TAG,14.342085838317871,3.616,5.629,0.221
0,TAG,14.35289478302002,3.62,5.617,0.261
0,TAG,14.367789268493652,3.64,5.626,0.09
0,TAG,14.367810726165771,3.621,5.638,0.062
0,TAG,14.3786141872406,3.616,5.626,0.254
0,TAG,14.389480113983154,3.616,5.628,0.257
0,TAG,14.400311946868896,3.595,5.643,0.005
0,TAG,14.411185026168823,3.614,5.634,0.305
0,TAG,14.422110557556152,3.622,5.621,0.305
0,TAG,14.432907342910767,3.605,5.64,-0.021
0,TAG,14.447752952575684,3.604,5.626,0.288
0,TAG,14.447771310806274,3.598,5.639,0.176
0,TAG,14.458621263504028,3.591,5.644,-0.041
0,TAG,14.469462156295776,3.61,5.63,0.203
0,TAG,14.480314254760742,3.606,5.631,0.044
0,TAG,14.49115538597107,3.598,5.625,0.248
0,TAG,14.502107381820679,3.628,5.615,0.229
0,TAG,14.512885332107544,3.607,5.62,0.143
0,TAG,14.527788639068604,3.587,5.625,0.127
0,TAG,14.527809143066406,3.617,5.625,0.24
0,TAG,14.538612842559814,3.62,5.639,0.063
0,TAG,14.54946756362915,3.617,5.628,0.174
0,TAG,14.560359716415405,3.606,5.627,0.21
0,TAG,14.571209192276001,3.592,5.627,0.155
0,TAG,14.582120418548584,3.62,5.63,0.217
0,TAG,14.59289288520813,3.604,5.621,0.218
0,TAG,14.607825517654419,3.588,5.624,0.118
0,TAG,14.607845067977905,3.602,5.625,0.238
0,TAG,14.618624687194824,3.595,5.621,0.207
0,TAG,14.629480361938477,3.602,5.622,0.249
0,TAG,14.640321493148804,3.598,5.625,0.091
0,TAG,14.651209115982056,3.606,5.632,0.125
0,TAG,14.662097454071045,3.613,5.629,0.119
0,TAG,14.672886371612549,3.637,5.618,0.215
0,TAG,14.687773942947388,3.61,5.62,0.032
0,TAG,14.687792778015137,3.621,5.621,0.186
0,TAG,14.698625802993774,3.608,5.623,0.129
0,TAG,14.709514379501343,3.604,5.621,0.172
0,TAG,14.720347881317139,3.608,5.623,0.092
0,TAG,14.73117709159851,3.594,5.616,0.062
0,TAG,14.742109298706055,3.578,5.624,0.085
0,TAG,14.752906084060669,3.596,5.628,0.045
0,TAG,14.767772674560547,3.615,5.632,0.225
0,TAG,14.767791032791138,3.583,5.623,0.158
0,TAG,14.778632164001465,3.591,5.623,0.151
0,TAG,14.7894868850708,3.586,5.623,0.121
0,TAG,14.8003671169281,3.573,5.63,0.124
0,TAG,14.811206817626953,3.589,5.629,0.128
0,TAG,14.82214879989624,3.591,5.623,0.181
0,TAG,14.83290410041809,3.54,5.621,0.009
0,TAG,14.84781265258789,3.548,5.62,0.277
0,TAG,14.84784197807312,3.613,5.633,0.076
0,TAG,14.858644008636475,3.573,5.63,0.028
0,TAG,14.869491338729858,3.569,5.615,0.204
0,TAG,14.880371809005737,3.595,5.625,0.059
0,TAG,14.891214847564697,3.58,5.618,0.048
0,TAG,14.902133464813232,3.564,5.604,0.382
0,TAG,14.912917852401733,3.58,5.612,-0.031
0,TAG,14.927788496017456,3.588,5.62,0.103
0,TAG,14.927806377410889,3.602,5.608,0.235
0,TAG,14.938641786575317,3.605,5.621,0.114
0,TAG,14.949503898620605,3.576,5.62,0.05
0,TAG,14.960358619689941,3.572,5.609,0.249
0,TAG,14.971205234527588,3.578,5.616,-0.09
0,TAG,14.982131242752075,3.588,5.631,0.01
0,TAG,14.992915153503418,3.587,5.618,0.294
0,TAG,15.007797241210938,3.593,5.622,-0.031
0,TAG,15.007815599441528,3.62,5.637,-0.053
0,TAG,15.018672466278076,3.597,5.622,0.373
0,TAG,15.02953028678894,3.581,5.634,0.079
0,TAG,15.040396213531494,3.581,5.63,0.154
0,TAG,15.051227807998657,3.572,5.611,0.353
0,TAG,15.062120199203491,3.546,5.626,0.018
0,TAG,15.072937965393066,3.591,5.636,0.054
0,TAG,15.087804555892944,3.581,5.625,0.36
0,TAG,15.087822914123535,3.576,5.63,0.054
0,TAG,15.098686456680298,3.586,5.619,0.228
0,TAG,15.109536409378052,3.608,5.631,0.059
0,TAG,15.120387315750122,3.566,5.628,0.076
0,TAG,15.13122034072876,3.589,5.621,0.211
0,TAG,15.142327308654785,3.612,5.622,0.07
0,TAG,15.152943849563599,3.591,5.63,-0.013
0,TAG,15.167841911315918,3.612,5.624,0.168
0,TAG,15.167863607406616,3.598,5.619,0.179
0,TAG,15.178680658340454,3.589,5.626,-0.021
0,TAG,15.189518928527832,3.611,5.618,0.317
0,TAG,15.200377941131592,3.568,5.61,0.198
0,TAG,15.211257934570312,3.568,5.622,0.116
0,TAG,15.222147941589355,3.582,5.614,0.159
0,TAG,15.232931852340698,3.583,5.619,0.179
0,TAG,15.247906923294067,3.575,5.621,0.116
0,TAG,15.247929811477661,3.605,5.611,0.141
0,TAG,15.258694887161255,3.601,5.617,0.06
0,TAG,15.269545316696167,3.604,5.623,0.139
0,TAG,15.280404567718506,3.601,5.618,0.175
0,TAG,15.291240453720093,3.607,5.634,0.017
0,TAG,15.30213451385498,3.611,5.635,0.222
0,TAG,15.312963724136353,3.618,5.625,0.354
0,TAG,15.327846765518188,3.618,5.64,0.05
0,TAG,15.327866315841675,3.624,5.638,0.27
0,TAG,15.338672399520874,3.635,5.636,0.135
0,TAG,15.349531888961792,3.627,5.641,0.019
0,TAG,15.360379457473755,3.647,5.632,0.119
0,TAG,15.371237516403198,3.651,5.63,0.071
0,TAG,15.382137298583984,3.629,5.638,0.067
0,TAG,15.39295244216919,3.633,5.634,0.154
0,TAG,15.407832384109497,3.628,5.63,0.178
0,TAG,15.407851934432983,3.606,5.644,0.038
0,TAG,15.418684720993042,3.616,5.632,0.202
0,TAG,15.429539442062378,3.609,5.623,0.228
0,TAG,15.44047737121582,3.622,5.626,0.106
0,TAG,15.451245069503784,3.637,5.623,0.208
0,TAG,15.462119340896606,3.614,5.616,0.194
0,TAG,15.472941398620605,3.625,5.617,0.075
0,TAG,15.48783278465271,3.622,5.619,0.178
0,TAG,15.487850666046143,3.627,5.622,0.182
0,TAG,15.498687028884888,3.633,5.628,0.201
0,TAG,15.509546279907227,3.629,5.617,0.289
0,TAG,15.520396709442139,3.624,5.617,0.228
0,TAG,15.53124213218689,3.641,5.618,0.13
0,TAG,15.54215383529663,3.638,5.619,0.177
0,TAG,15.552953243255615,3.601,5.63,0.1
0,TAG,15.567836284637451,3.618,5.634,0.082
0,TAG,15.567854642868042,3.597,5.612,0.298
0,TAG,15.578700542449951,3.607,5.633,0.011
0,TAG,15.589548587799072,3.624,5.635,0.191
0,TAG,15.600394487380981,3.622,5.628,0.176
0,TAG,15.611254930496216,3.62,5.634,-0.019
0,TAG,15.622159004211426,3.642,5.628,0.274
0,TAG,15.632968425750732,3.624,5.629,0.184
0,TAG,15.64784860610962,3.642,5.636,0.201
0,TAG,15.64786696434021,3.627,5.624,0.276
0,TAG,15.658678531646729,3.61,5.626,0.265
0,TAG,15.66954755783081,3.607,5.631,0.08
0,TAG,15.680408000946045,3.61,5.609,0.322
0,TAG,15.691259622573853,3.582,5.601,0.32
0,TAG,15.70216703414917,3.594,5.61,0.221
0,TAG,15.712977886199951,3.585,5.593,0.446
0,TAG,15.727850198745728,3.599,5.608,0.144
0,TAG,15.72786808013916,3.579,5.596,0.464
0,TAG,15.738702297210693,3.587,5.594,0.33
0,TAG,15.749535083770752,3.614,5.597,0.151
0,TAG,15.760414123535156,3.62,5.599,0.259
0,TAG,15.771259784698486,3.613,5.603,0.297
0,TAG,15.78216814994812,3.617,5.612,0.077
0,TAG,15.793010234832764,3.603,5.603,0.443
0,TAG,15.807867527008057,3.62,5.601,0.207
0,TAG,15.807885885238647,3.616,5.614,0.067
0,TAG,15.818712949752808,3.596,5.6,0.313
0,TAG,15.829563856124878,3.622,5.61,0.089
0,TAG,15.84042501449585,3.609,5.614,0.318
0,TAG,15.851281642913818,3.59,5.606,0.254
0,TAG,15.862169027328491,3.596,5.611,0.112
0,TAG,15.872944355010986,3.575,5.602,0.185
0,TAG,15.887858629226685,3.562,5.601,0.36
0,TAG,15.887876987457275,3.592,5.603,0.27
0,TAG,15.898719787597656,3.607,5.6,0.19
0,TAG,15.909569263458252,3.6,5.608,0.207
0,TAG,15.92042875289917,3.575,5.6,0.295
0,TAG,15.931283712387085,3.58,5.604,0.243
0,TAG,15.942174673080444,3.602,5.611,0.226
0,TAG,15.953004360198975,3.57,5.608,0.291
0,TAG,15.96786880493164,3.582,5.607,0.241
0,TAG,15.967886209487915,3.574,5.588,0.254
0,TAG,15.978732347488403,3.579,5.589,0.175
0,TAG,15.98957347869873,3.578,5.593,0.207
0,TAG,16.00044584274292,3.576,5.592,0.387
0,TAG,16.01128077507019,3.596,5.598,0.088
0,TAG,16.022188663482666,3.611,5.587,0.357
0,TAG,16.033007621765137,3.601,5.588,0.247
0,TAG,16.047883987426758,3.625,5.599,0.241
0,TAG,16.047902584075928,3.631,5.596,0.453
0,TAG,16.05870819091797,3.634,5.603,0.365
0,TAG,16.069575309753418,3.624,5.592,0.249
0,TAG,16.080433130264282,3.615,5.585,0.323
0,TAG,16.091287851333618,3.645,5.592,0.258
0,TAG,16.102166652679443,3.627,5.598,0.318
0,TAG,16.11301016807556,3.638,5.615,0.267
0,TAG,16.127877712249756,3.61,5.606,0.199
0,TAG,16.127902507781982,3.578,5.609,0.252
0,TAG,16.138731956481934,3.586,5.612,0.067
0,TAG,16.149585962295532,3.589,5.6,0.283
0,TAG,16.160439491271973,3.596,5.606,0.13
0,TAG,16.171289205551147,3.635,5.619,0.153
0,TAG,16.182190895080566,3.595,5.611,0.196
0,TAG,16.192972660064697,3.578,5.605,0.13
0,TAG,16.20787024497986,3.598,5.609,0.163
0,TAG,16.207887887954712,3.603,5.609,0.259
0,TAG,16.218767166137695,3.623,5.622,0.204
0,TAG,16.22960090637207,3.637,5.629,0.313
0,TAG,16.240443468093872,3.587,5.62,0.271
0,TAG,16.251299381256104,3.592,5.614,0.023
0,TAG,16.26219892501831,3.579,5.6,0.212
0,TAG,16.27302122116089,3.598,5.605,0.171
0,TAG,16.287887811660767,3.593,5.612,0.263
0,TAG,16.287906408309937,3.602,5.609,0.405
0,TAG,16.29875087738037,3.602,5.596,0.192
0,TAG,16.30959939956665,3.608,5.588,0.252
0,TAG,16.320457458496094,3.611,5.581,0.181
0,TAG,16.33129358291626,3.595,5.582,0.215
0,TAG,16.342211484909058,3.631,5.582,0.331
0,TAG,16.353015184402466,3.638,5.605,0.346
0,TAG,16.367897510528564,3.642,5.607,0.278
0,TAG,16.367916345596313,3.628,5.603,0.228
0,TAG,16.378760814666748,3.622,5.597,0.083
0,TAG,16.38961362838745,3.583,5.6,0.112
0,TAG,16.40045166015625,3.577,5.609,0.19
0,TAG,16.411322832107544,3.594,5.606,0.296
0,TAG,16.42219614982605,3.601,5.614,0.182
0,TAG,16.43302011489868,3.631,5.621,0.196
0,TAG,16.447911262512207,3.623,5.611,0.194
0,TAG,16.44792914390564,3.621,5.624,0.07
0,TAG,16.458760261535645,3.602,5.616,0.387
0,TAG,16.469610452651978,3.605,5.615,0.208
0,TAG,16.480470895767212,3.615,5.613,0.309
0,TAG,16.491325855255127,3.626,5.607,0.246
0,TAG,16.50221300125122,3.617,5.605,0.197
0,TAG,16.513061046600342,3.591,5.597,0.333
0,TAG,16.5279381275177,3.608,5.596,0.257
0,TAG,16.5279598236084,3.607,5.609,0.196
0,TAG,16.538766860961914,3.625,5.6,0.374
0,TAG,16.549623012542725,3.616,5.6,0.32
0,TAG,16.5604727268219,3.615,5.591,0.348
0,TAG,16.57132339477539,3.603,5.603,0.219
0,TAG,16.582196950912476,3.62,5.602,0.222
0,TAG,16.59305715560913,3.619,5.61,0.186
0,TAG,16.607918977737427,3.641,5.612,0.14
0,TAG,16.60793685913086,3.622,5.607,0.37
0,TAG,16.618777990341187,3.618,5.618,0.167
0,TAG,16.62963342666626,3.611,5.604,0.323
0,TAG,16.640469312667847,3.609,5.607,0.211
0,TAG,16.65132784843445,3.604,5.613,0.14
0,TAG,16.662230968475342,3.619,5.604,0.217
0,TAG,16.673045873641968,3.644,5.622,0.264
0,TAG,16.687917470932007,3.617,5.622,0.224
0,TAG,16.68793535232544,3.612,5.611,0.152
0,TAG,16.69876265525818,3.619,5.604,0.176
0,TAG,16.709641218185425,3.622,5.604,0.168
0,TAG,16.720492601394653,3.621,5.61,0.231
0,TAG,16.731339931488037,3.613,5.611,0.299
0,TAG,16.742223024368286,3.633,5.627,0.108
0,TAG,16.75306749343872,3.645,5.625,0.219
0,TAG,16.767908573150635,3.639,5.622,0.111
0,TAG,16.767926931381226,3.643,5.619,0.169
0,TAG,16.778775691986084,3.639,5.621,0.254
0,TAG,16.789626836776733,3.64,5.624,0.298
0,TAG,16.8004789352417,3.64,5.62,0.301
0,TAG,16.81133508682251,3.663,5.608,0.211
0,TAG,16.822206735610962,3.666,5.605,0.242
0,TAG,16.833062648773193,3.672,5.612,0.223
0,TAG,16.84792137145996,3.663,5.613,0.219
0,TAG,16.847940921783447,3.639,5.622,0.14
0,TAG,16.858776330947876,3.637,5.629,0.181
0,TAG,16.869630336761475,3.622,5.62,0.281
0,TAG,16.880505800247192,3.628,5.624,0.133
0,TAG,16.891338109970093,3.634,5.623,0.184
0,TAG,16.902254819869995,3.633,5.62,0.255
0,TAG,16.913097858428955,3.628,5.626,0.195
0,TAG,16.927952527999878,3.619,5.62,0.206
0,TAG,16.927971363067627,3.643,5.626,0.104
0,TAG,16.93880009651184,3.628,5.619,0.288
0,TAG,16.949649810791016,3.63,5.617,0.179
0,TAG,16.960500717163086,3.639,5.612,0.336
0,TAG,16.971358060836792,3.633,5.618,0.23
0,TAG,16.98224663734436,3.635,5.613,0.228
0,TAG,16.993075132369995,3.641,5.607,0.186
0,TAG,17.00795078277588,3.625,5.605,0.196
0,TAG,17.00796890258789,3.623,5.605,0.228
0,TAG,17.018803596496582,3.621,5.604,0.252
0,TAG,17.0296733379364,3.614,5.605,0.222
0,TAG,17.040490865707397,3.633,5.606,0.304
0,TAG,17.051371574401855,3.631,5.606,0.209
0,TAG,17.062265396118164,3.618,5.612,0.183
0,TAG,17.07307767868042,3.614,5.605,0.188
0,TAG,17.087947368621826,3.604,5.607,0.165
0,TAG,17.087965488433838,3.594,5.613,0.219
0,TAG,17.0988028049469,3.617,5.61,0.255
0,TAG,17.109662294387817,3.616,5.609,0.204
0,TAG,17.12051033973694,3.617,5.619,0.222
0,TAG,17.131372451782227,3.644,5.61,0.238
0,TAG,17.142263174057007,3.646,5.611,0.187
0,TAG,17.15308117866516,3.624,5.607,0.318
0,TAG,17.167963981628418,3.608,5.6,0.329
0,TAG,17.16798162460327,3.602,5.607,0.269
0,TAG,17.17881441116333,3.608,5.613,0.214
0,TAG,17.189670085906982,3.628,5.615,0.178
0,TAG,17.200517177581787,3.625,5.62,0.237
0,TAG,17.211379528045654,3.63,5.619,0.172
0,TAG,17.222249507904053,3.615,5.615,0.334
0,TAG,17.233099699020386,3.6,5.607,0.23
0,TAG,17.247962951660156,3.59,5.603,0.183
0,TAG,17.247982025146484,3.615,5.6,0.264
0,TAG,17.25887441635132,3.602,5.604,0.214
0,TAG,17.26971936225891,3.619,5.609,0.216
0,TAG,17.280604362487793,3.618,5.61,0.358
0,TAG,17.291399240493774,3.609,5.624,0.217
0,TAG,17.302300453186035,3.635,5.62,0.304
0,TAG,17.313108205795288,3.654,5.62,0.18
0,TAG,17.327996253967285,3.643,5.61,0.132
0,TAG,17.32801866531372,3.632,5.611,0.178
0,TAG,17.33883261680603,3.64,5.619,0.237
0,TAG,17.349706411361694,3.597,5.626,0.181
0,TAG,17.360565185546875,3.602,5.626,0.235
0,TAG,17.37139630317688,3.597,5.616,0.263
0,TAG,17.38227367401123,3.619,5.623,0.131
0,TAG,17.393098831176758,3.63,5.613,0.245
0,TAG,17.407979488372803,3.653,5.625,0.097
0,TAG,17.40799880027771,3.626,5.626,0.172
0,TAG,17.418845653533936,3.628,5.625,0.217
0,TAG,17.429688692092896,3.614,5.619,0.269
0,TAG,17.440558195114136,3.622,5.619,0.117
0,TAG,17.45139503479004,3.627,5.615,0.283
0,TAG,17.462289571762085,3.637,5.609,0.047
0,TAG,17.473132371902466,3.617,5.6,0.282
0,TAG,17.487982511520386,3.623,5.609,0.238
0,TAG,17.488000869750977,3.614,5.612,0.188
0,TAG,17.49884843826294,3.611,5.618,0.265
0,TAG,17.50970768928528,3.62,5.624,0.268
0,TAG,17.52055335044861,3.61,5.617,0.293
0,TAG,17.531410217285156,3.651,5.624,0.277
0,TAG,17.542295217514038,3.642,5.615,0.363
0,TAG,17.553092002868652,3.627,5.617,0.084
0,TAG,17.567996978759766,3.622,5.612,0.133
0,TAG,17.56801438331604,3.602,5.608,0.283
0,TAG,17.57884669303894,3.589,5.614,0.169
0,TAG,17.589682817459106,3.586,5.602,0.194
0,TAG,17.600545644760132,3.591,5.594,0.169
0,TAG,17.611407041549683,3.583,5.607,0.179
0,TAG,17.6223042011261,3.597,5.594,0.368
0,TAG,17.633116245269775,3.613,5.61,0.207
0,TAG,17.648009538650513,3.598,5.612,0.286
0,TAG,17.64803194999695,3.637,5.629,0.207
0,TAG,17.658876657485962,3.624,5.622,0.395
0,TAG,17.669721841812134,3.632,5.63,0.166
0,TAG,17.680572271347046,3.594,5.612,0.359
0,TAG,17.691443920135498,3.6,5.605,0.329
0,TAG,17.702300310134888,3.574,5.591,0.337
0,TAG,17.713151454925537,3.601,5.587,0.343
0,TAG,17.728094816207886,3.599,5.584,0.342
0,TAG,17.728116989135742,3.577,5.6,0.221
0,TAG,17.738872528076172,3.586,5.598,0.187
0,TAG,17.74973177909851,3.591,5.599,0.214
0,TAG,17.760594606399536,3.57,5.616,0.124
0,TAG,17.771422624588013,3.573,5.609,0.376
0,TAG,17.782306671142578,3.599,5.612,0.248
0,TAG,17.793134927749634,3.6,5.613,0.333
0,TAG,17.808049201965332,3.626,5.62,0.327
0,TAG,17.808070182800293,3.594,5.611,0.256
0,TAG,17.81890082359314,3.583,5.621,0.198
0,TAG,17.829761743545532,3.576,5.609,0.261
0,TAG,17.840590715408325,3.571,5.612,0.189
0,TAG,17.85143518447876,3.568,5.599,0.441
0,TAG,17.86237931251526,3.579,5.599,0.177
0,TAG,17.87315082550049,3.593,5.6,0.224
0,TAG,17.888127326965332,3.597,5.602,0.168
0,TAG,17.88815474510193,3.601,5.602,0.215
0,TAG,17.8988995552063,3.603,5.601,-0.02
0,TAG,17.909759759902954,3.6,5.604,0.216
0,TAG,17.92061710357666,3.609,5.61,0.217
0,TAG,17.931466817855835,3.606,5.614,0.302
0,TAG,17.942339658737183,3.607,5.615,0.373
0,TAG,17.953181266784668,3.619,5.618,0.247
0,TAG,17.968047618865967,3.627,5.619,0.257
0,TAG,17.9680655002594,3.621,5.618,0.193
0,TAG,17.978901624679565,3.641,5.616,0.267
0,TAG,17.989769220352173,3.633,5.625,0.067
0,TAG,18.00059747695923,3.622,5.624,0.153
0,TAG,18.011476278305054,3.614,5.613,0.328
0,TAG,18.02232003211975,3.618,5.624,0.184
0,TAG,18.033161401748657,3.619,5.626,0.236
0,TAG,18.048069715499878,3.618,5.625,0.14
0,TAG,18.04809021949768,3.605,5.622,0.202
0,TAG,18.05890440940857,3.611,5.629,0.187
0,TAG,18.069777250289917,3.631,5.624,0.289
0,TAG,18.080623626708984,3.619,5.63,0.152
0,TAG,18.09145975112915,3.618,5.622,0.198
0,TAG,18.10237145423889,3.626,5.614,0.259
0,TAG,18.113163471221924,3.617,5.619,0.195
0,TAG,18.128056526184082,3.613,5.621,0.151
0,TAG,18.128074884414673,3.6,5.617,0.174
0,TAG,18.138933420181274,3.579,5.626,0.151
0,TAG,18.149755239486694,3.584,5.619,0.192
0,TAG,18.160645246505737,3.589,5.61,0.19
0,TAG,18.17146921157837,3.567,5.616,0.126
0,TAG,18.182341814041138,3.583,5.617,0.277
0,TAG,18.19317126274109,3.6,5.613,0.213
0,TAG,18.208086729049683,3.565,5.617,0.092
0,TAG,18.208107471466064,3.591,5.618,0.105
0,TAG,18.218914270401,3.567,5.612,0.3
0,TAG,18.2297945022583,3.593,5.627,-0.049
0,TAG,18.240622520446777,3.578,5.611,0.284
0,TAG,18.251455783843994,3.609,5.619,0.11
0,TAG,18.262340545654297,3.568,5.627,0.055
0,TAG,18.27316975593567,3.597,5.631,0.151
0,TAG,18.2880642414093,3.589,5.626,0.229
0,TAG,18.288081645965576,3.558,5.635,0.047
0,TAG,18.298924207687378,3.584,5.628,0.245
0,TAG,18.309769868850708,3.577,5.622,0.11
0,TAG,18.320623874664307,3.58,5.625,0.203
0,TAG,18.331475496292114,3.577,5.62,0.249
0,TAG,18.342357397079468,3.573,5.619,0.212
0,TAG,18.353187799453735,3.577,5.632,0.055
0,TAG,18.368069887161255,3.595,5.615,0.27
0,TAG,18.368088006973267,3.589,5.607,0.181
0,TAG,18.37893271446228,3.579,5.603,0.128
0,TAG,18.389775037765503,3.585,5.595,0.275
0,TAG,18.40063166618347,3.58,5.603,0.171
0,TAG,18.411489009857178,3.579,5.612,0.03
0,TAG,18.42235493659973,3.575,5.608,0.138
0,TAG,18.433192014694214,3.573,5.616,0.186
0,TAG,18.448074340820312,3.575,5.615,0.102
0,TAG,18.44809317588806,3.59,5.605,0.218
0,TAG,18.45893907546997,3.592,5.615,0.058
0,TAG,18.469786167144775,3.573,5.612,0.243
0,TAG,18.480647563934326,3.571,5.604,0.16
0,TAG,18.491520881652832,3.583,5.606,0.15
0,TAG,18.502363204956055,3.587,5.607,0.153
0,TAG,18.513204097747803,3.596,5.607,0.343
0,TAG,18.52808165550232,3.606,5.611,0.161
0,TAG,18.528098821640015,3.621,5.625,0.183
0,TAG,18.53893733024597,3.618,5.619,0.283
0,TAG,18.54980182647705,3.614,5.62,0.227
0,TAG,18.560648441314697,3.608,5.625,0.082
0,TAG,18.571500539779663,3.611,5.618,0.277
0,TAG,18.582376718521118,3.61,5.614,0.248
0,TAG,18.593212127685547,3.636,5.624,0.237
0,TAG,18.608089447021484,3.644,5.614,0.128
0,TAG,18.60810613632202,3.626,5.611,0.152
0,TAG,18.61894989013672,3.607,5.619,0.277
0,TAG,18.629802465438843,3.612,5.615,0.253
0,TAG,18.64065933227539,3.606,5.618,0.044
0,TAG,18.651500463485718,3.577,5.608,0.227
0,TAG,18.662415504455566,3.6,5.612,0.154
0,TAG,18.67321491241455,3.599,5.615,0.144
0,TAG,18.688098192214966,3.601,5.617,0.108
0,TAG,18.68811535835266,3.599,5.611,0.384
0,TAG,18.6989586353302,3.593,5.634,0.087
0,TAG,18.709812879562378,3.585,5.617,0.243
0,TAG,18.72066020965576,3.59,5.621,0.133
0,TAG,18.73152208328247,3.558,5.614,0.221
0,TAG,18.74238109588623,3.578,5.61,0.201
0,TAG,18.75321912765503,3.579,5.62,0.325
0,TAG,18.76810050010681,3.578,5.634,0.069
0,TAG,18.768117666244507,3.591,5.631,0.321
0,TAG,18.77896237373352,3.584,5.616,0.283
0,TAG,18.789814472198486,3.561,5.626,0.03
0,TAG,18.800665855407715,3.573,5.619,0.194
0,TAG,18.811562538146973,3.584,5.626,0.13
0,TAG,18.822383880615234,3.566,5.623,0.034
0,TAG,18.833274841308594,3.603,5.625,0.213
0,TAG,18.848109483718872,3.61,5.623,0.206
0,TAG,18.848126649856567,3.591,5.636,0.009
0,TAG,18.85896372795105,3.589,5.623,0.196
0,TAG,18.86981439590454,3.581,5.62,0.171
0,TAG,18.880706548690796,3.566,5.62,0.002
0,TAG,18.891573190689087,3.581,5.603,0.232
0,TAG,18.902392625808716,3.585,5.607,0.113
0,TAG,18.913275480270386,3.589,5.616,0.145
0,TAG,18.92813992500305,3.591,5.612,0.189
0,TAG,18.928170680999756,3.604,5.611,0.08
0,TAG,18.938964366912842,3.586,5.614,0.0
0,TAG,18.949820041656494,3.612,5.62,0.241
0,TAG,18.960684537887573,3.614,5.621,0.217
0,TAG,18.971537590026855,3.606,5.618,0.018
0,TAG,18.982398986816406,3.602,5.613,0.215
0,TAG,18.993237495422363,3.612,5.619,0.153
0,TAG,19.00811457633972,3.6,5.618,0.152
0,TAG,19.008132219314575,3.604,5.621,0.147
0,TAG,19.01901078224182,3.591,5.624,0.128
0,TAG,19.029828310012817,3.592,5.627,0.044
0,TAG,19.040693044662476,3.602,5.62,0.279
0,TAG,19.051538467407227,3.605,5.626,0.15
0,TAG,19.062405109405518,3.6,5.624,0.174
0,TAG,19.073259353637695,3.596,5.621,0.142
0,TAG,19.088128566741943,3.602,5.615,0.097
0,TAG,19.088146686553955,3.587,5.608,0.114
0,TAG,19.09898543357849,3.622,5.614,0.102
0,TAG,19.109848260879517,3.596,5.601,0.174
0,TAG,19.120689392089844,3.606,5.611,-0.043
0,TAG,19.131550788879395,3.597,5.603,0.344
0,TAG,19.14240837097168,3.604,5.611,0.05
0,TAG,19.153260946273804,3.58,5.602,0.335
0,TAG,19.168136835098267,3.606,5.611,0.041
0,TAG,19.16815447807312,3.562,5.606,0.157
0,TAG,19.17899990081787,3.57,5.616,0.003
0,TAG,19.18985891342163,3.588,5.604,0.26
0,TAG,19.200700044631958,3.584,5.625,0.062
0,TAG,19.211557388305664,3.565,5.619,0.297
0,TAG,19.222418546676636,3.578,5.614,0.245
0,TAG,19.23326325416565,3.613,5.619,0.216
0,TAG,19.248144388198853,3.597,5.61,0.234
0,TAG,19.248162031173706,3.617,5.616,0.184
0,TAG,19.259006023406982,3.575,5.614,0.379
0,TAG,19.26986026763916,3.604,5.616,0.181
0,TAG,19.280714511871338,3.606,5.614,0.228
0,TAG,19.29156255722046,3.603,5.618,0.13
0,TAG,19.302465200424194,3.595,5.626,0.137
0,TAG,19.31328248977661,3.615,5.629,0.423
0,TAG,19.328152418136597,3.627,5.622,0.247
0,TAG,19.328169345855713,3.603,5.602,0.297
0,TAG,19.339007139205933,3.609,5.61,0.061
0,TAG,19.3498752117157,3.568,5.617,0.075
0,TAG,19.360719680786133,3.596,5.608,0.188
0,TAG,19.37156867980957,3.61,5.605,0.176
0,TAG,19.38243293762207,3.596,5.608,0.101
0,TAG,19.39328646659851,3.613,5.614,0.118
0,TAG,19.408158540725708,3.622,5.615,0.229
0,TAG,19.408175945281982,3.626,5.614,0.049
0,TAG,19.4190194606781,3.622,5.617,0.139
0,TAG,19.429876804351807,3.62,5.62,0.131
0,TAG,19.44072151184082,3.604,5.616,0.17
0,TAG,19.451585292816162,3.638,5.607,0.111
0,TAG,19.462445497512817,3.617,5.601,0.172
0,TAG,19.47329592704773,3.614,5.618,0.157
0,TAG,19.488159894943237,3.616,5.611,0.197
0,TAG,19.488178253173828,3.623,5.607,0.177
0,TAG,19.499029874801636,3.595,5.615,0.092
0,TAG,19.50987672805786,3.602,5.614,0.215
0,TAG,19.520730018615723,3.637,5.623,0.178
0,TAG,19.531574249267578,3.615,5.618,0.245
0,TAG,19.54245162010193,3.633,5.626,0.131
0,TAG,19.553293228149414,3.61,5.605,0.281
0,TAG,19.568177461624146,3.588,5.607,0.087
0,TAG,19.56819438934326,3.599,5.599,0.383
0,TAG,19.579042673110962,3.583,5.595,0.277
0,TAG,19.589905261993408,3.593,5.607,0.115
0,TAG,19.60075569152832,3.588,5.586,0.328
0,TAG,19.611592054367065,3.614,5.597,0.168
0,TAG,19.622442960739136,3.584,5.602,0.113
0,TAG,19.633298873901367,3.562,5.582,0.295
0,TAG,19.648178577423096,3.577,5.587,0.113
0,TAG,19.648195505142212,3.58,5.586,0.179
0,TAG,19.6590518951416,3.561,5.588,0.281
0,TAG,19.66989779472351,3.536,5.576,0.386
0,TAG,19.680737733840942,3.561,5.59,0.116
0,TAG,19.691617727279663,3.568,5.589,0.418
0,TAG,19.702470779418945,3.585,5.594,0.197
0,TAG,19.71332025527954,3.576,5.602,0.178
0,TAG,19.728193998336792,3.59,5.597,0.377
0,TAG,19.728210926055908,3.596,5.604,0.337
0,TAG,19.739052295684814,3.553,5.604,0.127
0,TAG,19.749909162521362,3.572,5.6,0.192
0,TAG,19.76076912879944,3.556,5.592,0.248
0,TAG,19.771600008010864,3.558,5.601,0.114
0,TAG,19.78245735168457,3.566,5.599,0.184
0,TAG,19.7933406829834,3.593,5.609,0.223
0,TAG,19.808215141296387,3.591,5.607,0.202
0,TAG,19.8082435131073,3.621,5.609,0.384
0,TAG,19.819055795669556,3.619,5.61,0.1
0,TAG,19.829914331436157,3.596,5.614,0.068
0,TAG,19.84076690673828,3.605,5.607,0.171
0,TAG,19.85158681869507,3.6,5.605,0.209
0,TAG,19.862471103668213,3.602,5.611,0.048
0,TAG,19.873321771621704,3.616,5.607,0.291
0,TAG,19.88820219039917,3.599,5.607,0.084
0,TAG,19.888219356536865,3.602,5.614,0.071
0,TAG,19.899163722991943,3.599,5.612,0.218
0,TAG,19.90994644165039,3.612,5.615,0.218
0,TAG,19.92082405090332,3.609,5.613,0.273
0,TAG,19.931646585464478,3.639,5.62,0.082
0,TAG,19.94253158569336,3.607,5.61,0.216
0,TAG,19.95338225364685,3.591,5.612,0.131
0,TAG,19.968279600143433,3.604,5.607,0.248
0,TAG,19.9683096408844,3.602,5.61,0.241
0,TAG,19.979126930236816,3.629,5.633,0.045
0,TAG,19.989938020706177,3.612,5.623,0.336
0,TAG,20.000790119171143,3.629,5.633,0.082
0,TAG,20.011641025543213,3.601,5.626,0.275
0,TAG,20.02248477935791,3.6,5.616,0.158
0,TAG,20.033353567123413,3.58,5.613,0.233
0,TAG,20.048241138458252,3.585,5.607,0.221
0,TAG,20.04826259613037,3.594,5.604,0.245
0,TAG,20.059075117111206,3.608,5.602,0.176
0,TAG,20.069934844970703,3.574,5.604,0.183
0,TAG,20.08078646659851,3.574,5.593,0.412
0,TAG,20.091642379760742,3.58,5.603,0.189
0,TAG,20.10249400138855,3.563,5.602,0.183
0,TAG,20.113359212875366,3.559,5.601,0.304
0,TAG,20.128238916397095,3.533,5.604,0.317
0,TAG,20.12825655937195,3.551,5.604,0.244
0,TAG,20.13907241821289,3.553,5.596,0.273
0,TAG,20.14995551109314,3.551,5.604,0.165
0,TAG,20.160805463790894,3.547,5.599,0.384
0,TAG,20.171647310256958,3.557,5.594,0.276
0,TAG,20.182499647140503,3.555,5.603,0.167
0,TAG,20.19337224960327,3.565,5.613,0.25
0,TAG,20.208256483078003,3.596,5.608,0.411
0,TAG,20.208275079727173,3.583,5.604,0.217
0,TAG,20.219099283218384,3.579,5.604,0.203
0,TAG,20.22995400428772,3.579,5.597,0.286
0,TAG,20.240811824798584,3.565,5.598,0.184
0,TAG,20.251654386520386,3.583,5.603,0.15
0,TAG,20.26254940032959,3.585,5.599,0.288
0,TAG,20.273370504379272,3.574,5.608,0.117
0,TAG,20.28825616836548,3.568,5.598,0.234
0,TAG,20.288275718688965,3.593,5.61,0.125
0,TAG,20.29910373687744,3.595,5.61,0.27
0,TAG,20.30995774269104,3.612,5.614,0.201
0,TAG,20.32081651687622,3.594,5.615,0.21
0,TAG,20.331650257110596,3.587,5.625,0.065
0,TAG,20.34252643585205,3.601,5.619,0.193
0,TAG,20.353370666503906,3.598,5.617,0.328
0,TAG,20.36826467514038,3.597,5.625,0.11
0,TAG,20.368282079696655,3.591,5.615,0.359
0,TAG,20.379113912582397,3.614,5.619,0.154
0,TAG,20.389963388442993,3.583,5.624,0.13
0,TAG,20.40082812309265,3.623,5.627,0.191
0,TAG,20.411674976348877,3.607,5.623,0.288
0,TAG,20.42253279685974,3.533,5.683,-0.33
0,TAG,20.43338179588318,3.562,5.66,0.185
0,TAG,20.448264598846436,3.567,5.633,0.375
0,TAG,20.44828224182129,3.574,5.642,-0.01
0,TAG,20.459110260009766,3.566,5.63,0.332
0,TAG,20.469972133636475,3.588,5.631,0.144
0,TAG,20.480830192565918,3.539,5.635,0.148
0,TAG,20.49174451828003,3.56,5.633,0.239
0,TAG,20.502532958984375,3.572,5.627,0.278
0,TAG,20.513351678848267,3.594,5.637,0.039
0,TAG,20.528318405151367,3.601,5.636,0.26
0,TAG,20.528343677520752,3.589,5.618,0.312
0,TAG,20.539103984832764,3.601,5.623,0.096
0,TAG,20.549989700317383,3.581,5.613,0.343
0,TAG,20.560868501663208,3.594,5.627,0.129
0,TAG,20.571772575378418,3.566,5.615,0.347
0,TAG,20.58256220817566,3.594,5.616,0.166
0,TAG,20.59350347518921,3.582,5.603,0.658
0,TAG,20.608275175094604,3.579,5.612,0.087
0,TAG,20.608293533325195,3.572,5.61,0.342
0,TAG,20.619147062301636,3.576,5.605,0.34
0,TAG,20.62999415397644,3.575,5.617,0.119
0,TAG,20.640852451324463,3.561,5.608,0.5
0,TAG,20.65169048309326,3.59,5.612,0.28
0,TAG,20.662556171417236,3.598,5.613,0.265
0,TAG,20.673407554626465,3.601,5.61,0.291
0,TAG,20.688292026519775,3.601,5.612,0.216
0,TAG,20.68830943107605,3.587,5.604,0.321
0,TAG,20.699159145355225,3.615,5.609,0.309
0,TAG,20.709996938705444,3.587,5.596,0.339
0,TAG,20.720862865447998,3.576,5.614,0.071
0,TAG,20.731698989868164,3.596,5.606,0.272
0,TAG,20.742521047592163,3.597,5.608,0.27
0,TAG,20.753404140472412,3.598,5.611,0.149
0,TAG,20.76829481124878,3.601,5.607,0.217
0,TAG,20.768312454223633,3.628,5.613,0.205
0,TAG,20.77914333343506,3.575,5.624,0.065
0,TAG,20.789991855621338,3.602,5.623,0.119
0,TAG,20.800862550735474,3.608,5.622,0.196
0,TAG,20.811734199523926,3.602,5.629,0.024
0,TAG,20.822584629058838,3.613,5.626,0.219
0,TAG,20.833423852920532,3.602,5.628,0.278
0,TAG,20.84830951690674,3.608,5.64,-0.02
0,TAG,20.84832739830017,3.602,5.623,0.246
0,TAG,20.85916543006897,3.64,5.625,0.125
0,TAG,20.870020389556885,3.619,5.617,0.131
0,TAG,20.880876302719116,3.625,5.611,0.24
0,TAG,20.89171028137207,3.626,5.613,0.172
0,TAG,20.90258526802063,3.614,5.61,0.244
0,TAG,20.91344451904297,3.624,5.613,0.282
0,TAG,20.928319215774536,3.619,5.605,0.308
0,TAG,20.92833638191223,3.623,5.614,0.098
0,TAG,20.93916130065918,3.632,5.61,0.296
0,TAG,20.950032949447632,3.605,5.606,0.29
0,TAG,20.960871934890747,3.597,5.614,0.099
0,TAG,20.971766471862793,3.613,5.614,0.201
0,TAG,20.9825656414032,3.614,5.614,0.236
0,TAG,20.99345374107361,3.582,5.622,0.221
0,TAG,21.008326292037964,3.578,5.624,0.2
0,TAG,21.00834321975708,3.581,5.615,0.309
0,TAG,21.019168376922607,3.565,5.635,-0.011
0,TAG,21.030038356781006,3.591,5.623,0.156
0,TAG,21.04090714454651,3.58,5.611,0.42
0,TAG,21.051722049713135,3.581,5.624,0.102
0,TAG,21.062594413757324,3.595,5.613,0.2
0,TAG,21.07344102859497,3.605,5.617,0.234
0,TAG,21.088331937789917,3.576,5.621,0.038
0,TAG,21.08834934234619,3.587,5.607,0.515
0,TAG,21.09918713569641,3.604,5.609,0.166
0,TAG,21.11005139350891,3.601,5.614,0.267
0,TAG,21.120901823043823,3.599,5.599,0.457
0,TAG,21.13174080848694,3.614,5.606,0.257
0,TAG,21.142608880996704,3.587,5.611,0.211
0,TAG,21.153462409973145,3.6,5.615,0.147
0,TAG,21.16834568977356,3.607,5.619,0.129
0,TAG,21.168363094329834,3.588,5.622,0.174
0,TAG,21.179203033447266,3.614,5.619,0.241
0,TAG,21.190067052841187,3.595,5.61,0.35
0,TAG,21.200918674468994,3.603,5.624,0.067
0,TAG,21.211745262145996,3.616,5.616,0.226
0,TAG,21.222617387771606,3.599,5.607,0.213
0,TAG,21.233469247817993,3.594,5.619,0.049
0,TAG,21.248352766036987,3.594,5.609,0.299
0,TAG,21.24837017059326,3.615,5.609,0.181
0,TAG,21.25920009613037,3.596,5.615,0.173
0,TAG,21.270066022872925,3.614,5.611,0.272
0,TAG,21.28091263771057,3.622,5.616,0.194
0,TAG,21.291775703430176,3.656,5.645,0.097
0,TAG,21.3026385307312,3.654,5.636,0.238
0,TAG,21.31348490715027,3.652,5.632,0.198
0,TAG,21.328370094299316,3.617,5.622,0.193
0,TAG,21.32838749885559,3.656,5.619,0.207
0,TAG,21.339218616485596,3.629,5.609,0.194
0,TAG,21.350069284439087,3.613,5.622,0.113
0,TAG,21.360925436019897,3.621,5.614,0.298
0,TAG,21.371753692626953,3.603,5.608,0.34
0,TAG,21.382647037506104,3.609,5.622,-0.017
0,TAG,21.393495798110962,3.614,5.611,0.353
0,TAG,21.408376216888428,3.636,5.62,0.028
0,TAG,21.40839409828186,3.626,5.622,0.18
0,TAG,21.41921901702881,3.61,5.611,0.274
0,TAG,21.430076599121094,3.613,5.611,0.23
0,TAG,21.440935850143433,3.573,5.606,0.204
0,TAG,21.451786041259766,3.62,5.621,-0.003
0,TAG,21.46265149116516,3.611,5.615,0.249
0,TAG,21.4734947681427,3.61,5.623,0.12
0,TAG,21.48836612701416,3.589,5.619,0.333
0,TAG,21.48838448524475,3.607,5.621,0.285
0,TAG,21.499235153198242,3.613,5.623,0.117
0,TAG,21.510087490081787,3.615,5.625,0.149
0,TAG,21.520939588546753,3.579,5.614,0.315
0,TAG,21.531765460968018,3.577,5.627,0.017
0,TAG,21.54265785217285,3.573,5.616,0.252
0,TAG,21.55350637435913,3.598,5.614,0.215
0,TAG,21.568377256393433,3.614,5.623,0.02
0,TAG,21.568394422531128,3.617,5.61,0.297
0,TAG,21.579252004623413,3.624,5.616,0.146
0,TAG,21.59010601043701,3.595,5.619,0.125
0,TAG,21.600948095321655,3.602,5.611,0.288
0,TAG,21.61178731918335,3.603,5.612,0.22
0,TAG,21.62265658378601,3.598,5.614,0.092
0,TAG,21.633513927459717,3.622,5.614,0.211
0,TAG,21.648397207260132,3.612,5.617,0.297
0,TAG,21.648414850234985,3.621,5.647,0.022
0,TAG,21.659260988235474,3.637,5.634,0.268
0,TAG,21.67010235786438,3.605,5.622,0.204
0,TAG,21.680960416793823,3.577,5.612,0.105
0,TAG,21.691823959350586,3.59,5.615,0.284
0,TAG,21.702682495117188,3.603,5.623,0.181
0,TAG,21.713520765304565,3.593,5.62,0.369
0,TAG,21.728447198867798,3.621,5.624,0.252
0,TAG,21.728471517562866,3.613,5.624,0.356
0,TAG,21.73932433128357,3.602,5.626,0.123
0,TAG,21.750120639801025,3.621,5.622,0.309
0,TAG,21.76099467277527,3.609,5.614,0.294
0,TAG,21.771823167800903,3.611,5.623,0.138
0,TAG,21.78268575668335,3.581,5.605,0.284
0,TAG,21.793524026870728,3.596,5.614,0.27
0,TAG,21.808448314666748,3.613,5.625,0.161
0,TAG,21.808469772338867,3.598,5.607,0.433
0,TAG,21.819254398345947,3.608,5.615,0.112
0,TAG,21.830133199691772,3.584,5.597,0.29
0,TAG,21.840996265411377,3.57,5.582,0.404
0,TAG,21.851893663406372,3.573,5.589,0.034
0,TAG,21.86272144317627,3.588,5.587,0.401
0,TAG,21.87359642982483,3.627,5.602,0.231
0,TAG,21.88853645324707,3.608,5.608,0.374
0,TAG,21.88856291770935,3.629,5.619,0.108
0,TAG,21.899280786514282,3.643,5.613,0.152
0,TAG,21.910133123397827,3.601,5.603,0.305
0,TAG,21.920984745025635,3.603,5.61,0.055
0,TAG,21.93183732032776,3.604,5.605,0.354
0,TAG,21.942695140838623,3.58,5.601,0.371
0,TAG,21.953548908233643,3.605,5.617,0.146
0,TAG,21.968432426452637,3.581,5.601,0.248
0,TAG,21.96844983100891,3.566,5.599,0.231
0,TAG,21.979217290878296,3.571,5.606,0.041
0,TAG,21.99013590812683,3.594,5.602,0.262
0,TAG,22.001012563705444,3.61,5.606,0.259
0,TAG,22.01185441017151,3.614,5.599,0.155
0,TAG,22.02270221710205,3.582,5.592,0.273
0,TAG,22.033557176589966,3.594,5.594,0.148
0,TAG,22.04845428466797,3.603,5.599,0.263
0,TAG,22.04847240447998,3.613,5.602,0.16
0,TAG,22.059314012527466,3.624,5.612,0.22
0,TAG,22.07015895843506,3.616,5.608,0.231
0,TAG,22.080991983413696,3.609,5.616,0.122
0,TAG,22.091857194900513,3.601,5.612,0.233
0,TAG,22.102712631225586,3.603,5.61,0.232
0,TAG,22.113566160202026,3.618,5.615,0.084
0,TAG,22.128435373306274,3.627,5.614,0.321
0,TAG,22.12845277786255,3.627,5.617,0.342
0,TAG,22.13930368423462,3.624,5.622,0.229
0,TAG,22.150153398513794,3.608,5.612,0.277
0,TAG,22.16101312637329,3.61,5.61,0.112
0,TAG,22.17186951637268,3.596,5.61,0.181
0,TAG,22.182724952697754,3.599,5.615,0.294
0,TAG,22.19357991218567,3.612,5.623,0.151
0,TAG,22.20845603942871,3.6,5.619,0.342
0,TAG,22.208473443984985,3.622,5.629,0.173
0,TAG,22.21931004524231,3.598,5.629,0.266
0,TAG,22.23016047477722,3.604,5.615,0.308
0,TAG,22.241014003753662,3.611,5.621,0.047
0,TAG,22.25187039375305,3.579,5.613,0.185
0,TAG,22.26273250579834,3.62,5.62,0.204
0,TAG,22.2736074924469,3.624,5.618,0.275
0,TAG,22.288527965545654,3.623,5.619,0.291
0,TAG,22.2885479927063,3.645,5.629,0.273
0,TAG,22.29934573173523,3.607,5.616,0.328
0,TAG,22.31013059616089,3.643,5.621,0.166
0,TAG,22.321019172668457,3.621,5.613,0.275
0,TAG,22.331907272338867,3.61,5.618,0.319
0,TAG,22.342731952667236,3.621,5.62,0.299
0,TAG,22.353596687316895,3.626,5.609,0.313
0,TAG,22.368467092514038,3.638,5.62,0.116
0,TAG,22.36847972869873,3.621,5.605,0.349
0,TAG,22.37933087348938,3.599,5.597,0.277
0,TAG,22.39015293121338,3.62,5.607,0.218
0,TAG,22.401052474975586,3.605,5.614,0.295
0,TAG,22.41191291809082,3.619,5.62,0.308
0,TAG,22.422731637954712,3.618,5.621,0.091
0,TAG,22.43357825279236,3.603,5.619,0.259
0,TAG,22.448486328125,3.619,5.622,0.296
0,TAG,22.448504209518433,3.642,5.624,0.297
0,TAG,22.4593346118927,3.594,5.618,0.203
0,TAG,22.470174074172974,3.62,5.616,0.169
0,TAG,22.48106098175049,3.617,5.604,0.182
0,TAG,22.491894483566284,3.634,5.604,0.309
0,TAG,22.50276207923889,3.633,5.61,0.155
0,TAG,22.51360058784485,3.619,5.606,0.355
0,TAG,22.528466939926147,3.608,5.619,0.139
0,TAG,22.52847933769226,3.621,5.624,0.142
0,TAG,22.539336919784546,3.614,5.62,0.294
0,TAG,22.550177574157715,3.611,5.624,0.167
0,TAG,22.561049461364746,3.634,5.622,0.207
0,TAG,22.571924209594727,3.616,5.611,0.237
0,TAG,22.582774877548218,3.6,5.601,0.246
0,TAG,22.593605756759644,3.618,5.609,0.301
0,TAG,22.608519315719604,3.599,5.603,0.255
0,TAG,22.608537912368774,3.612,5.605,0.212
0,TAG,22.619356393814087,3.622,5.612,0.29
0,TAG,22.630216598510742,3.596,5.602,0.539
0,TAG,22.641072988510132,3.581,5.61,0.108
0,TAG,22.651917934417725,3.566,5.603,0.241
0,TAG,22.662779092788696,3.6,5.604,0.284
0,TAG,22.673633337020874,3.596,5.619,0.058
0,TAG,22.68851137161255,3.609,5.609,0.233
0,TAG,22.688528299331665,3.603,5.609,0.354
0,TAG,22.699369430541992,3.604,5.608,0.133
0,TAG,22.710203886032104,3.61,5.608,0.255
0,TAG,22.72107720375061,3.613,5.607,0.257
0,TAG,22.731937408447266,3.597,5.62,0.158
0,TAG,22.742788791656494,3.605,5.618,0.23
0,TAG,22.753630876541138,3.603,5.613,0.152
0,TAG,22.768520832061768,3.59,5.616,0.178
0,TAG,22.768538236618042,3.608,5.609,0.334
0,TAG,22.779385089874268,3.637,5.616,0.239
0,TAG,22.790225744247437,3.62,5.614,0.082
0,TAG,22.80108880996704,3.618,5.602,0.35
0,TAG,22.81194019317627,3.618,5.601,0.253
0,TAG,22.822781801223755,3.609,5.614,0.228
0,TAG,22.833653688430786,3.62,5.611,0.333
0,TAG,22.84853458404541,3.615,5.619,0.32
0,TAG,22.848551988601685,3.62,5.625,0.141
0,TAG,22.859400272369385,3.616,5.608,0.303
0,TAG,22.87023115158081,3.609,5.611,0.179
0,TAG,22.881076097488403,3.613,5.616,0.218
0,TAG,22.891947746276855,3.624,5.62,0.431
0,TAG,22.902807235717773,3.614,5.614,0.204
0,TAG,22.91365361213684,3.61,5.622,0.16
0,TAG,22.92854118347168,3.612,5.624,0.362
0,TAG,22.92855954170227,3.626,5.625,0.268
0,TAG,22.939412355422974,3.629,5.627,0.217
0,TAG,22.950251579284668,3.63,5.62,0.18
0,TAG,22.961113691329956,3.628,5.617,0.134
0,TAG,22.971953868865967,3.637,5.621,0.111
0,TAG,22.982810497283936,3.671,5.621,0.357
0,TAG,22.9936683177948,3.658,5.618,0.226
0,TAG,23.008558750152588,3.64,5.623,0.256
0,TAG,23.008575677871704,3.621,5.616,0.215
0,TAG,23.01939821243286,3.604,5.611,0.305
0,TAG,23.030254125595093,3.623,5.617,0.111
0,TAG,23.041097164154053,3.64,5.62,0.219
0,TAG,23.051960229873657,3.642,5.611,0.352
0,TAG,23.062860250473022,3.645,5.614,0.098
0,TAG,23.073673963546753,3.637,5.616,0.284
0,TAG,23.08855700492859,3.617,5.613,0.349
0,TAG,23.088574171066284,3.647,5.63,0.379
0,TAG,23.099409580230713,3.641,5.624,0.3
0,TAG,23.110259771347046,3.63,5.611,0.234
0,TAG,23.12111258506775,3.65,5.624,0.169
0,TAG,23.13195562362671,3.665,5.622,0.355
0,TAG,23.142832279205322,3.651,5.616,0.347
0,TAG,23.153687238693237,3.646,5.627,0.128
0,TAG,23.168561935424805,3.623,5.623,0.316
0,TAG,23.168579578399658,3.622,5.619,0.343
0,TAG,23.17941188812256,3.639,5.633,0.207
0,TAG,23.190271139144897,3.659,5.626,0.33
0,TAG,23.20114827156067,3.644,5.617,0.231
0,TAG,23.21201992034912,3.656,5.62,0.128
0,TAG,23.222851037979126,3.639,5.617,0.219
0,TAG,23.23368811607361,3.629,5.621,0.32
0,TAG,23.24859046936035,3.647,5.631,0.265
0,TAG,23.248612642288208,3.656,5.634,0.327
0,TAG,23.25943636894226,3.621,5.628,0.346
0,TAG,23.270288705825806,3.629,5.627,0.165
0,TAG,23.28117322921753,3.601,5.609,0.182
0,TAG,23.29200506210327,3.627,5.606,0.326
0,TAG,23.30284810066223,3.631,5.621,0.171
0,TAG,23.313719034194946,3.639,5.623,0.218
0,TAG,23.328620433807373,3.638,5.615,0.193
0,TAG,23.328644037246704,3.649,5.617,0.226
0,TAG,23.33943748474121,3.627,5.608,0.234
0,TAG,23.350293397903442,3.644,5.627,0.297
0,TAG,23.361186981201172,3.652,5.629,0.213
0,TAG,23.372021198272705,3.629,5.626,0.28
0,TAG,23.382856845855713,3.619,5.619,0.08
0,TAG,23.39372968673706,3.635,5.62,0.14
0,TAG,23.40864372253418,3.621,5.615,0.18
0,TAG,23.408665657043457,3.638,5.621,0.298
0,TAG,23.41946291923523,3.626,5.623,0.143
0,TAG,23.43032145500183,3.61,5.621,0.147
0,TAG,23.441173315048218,3.611,5.605,0.205
0,TAG,23.452017068862915,3.626,5.609,0.248
0,TAG,23.46288275718689,3.616,5.607,0.288
0,TAG,23.4737286567688,3.609,5.602,0.274
0,TAG,23.488667488098145,3.623,5.606,0.215
0,TAG,23.48868989944458,3.627,5.61,0.173
0,TAG,23.499470472335815,3.635,5.609,0.322
0,TAG,23.510326147079468,3.66,5.619,0.132
0,TAG,23.5211660861969,3.628,5.624,0.207
0,TAG,23.532010793685913,3.607,5.611,0.289
0,TAG,23.542895317077637,3.633,5.618,0.146
0,TAG,23.553739070892334,3.602,5.609,0.088
0,TAG,23.56863498687744,3.639,5.614,0.35
0,TAG,23.568657398223877,3.649,5.625,0.164
0,TAG,23.579482316970825,3.648,5.617,0.275
0,TAG,23.590332984924316,3.637,5.605,0.197
0,TAG,23.601179838180542,3.645,5.619,0.256
0,TAG,23.61200976371765,3.627,5.622,0.261
0,TAG,23.622910261154175,3.63,5.617,0.212
0,TAG,23.63375163078308,3.626,5.607,0.271
0,TAG,23.64861798286438,3.62,5.612,0.149
0,TAG,23.648635387420654,3.622,5.608,0.289
0,TAG,23.65947413444519,3.646,5.614,0.262
0,TAG,23.670323371887207,3.633,5.618,0.136
0,TAG,23.68116283416748,3.631,5.616,0.281
0,TAG,23.6920223236084,3.626,5.607,0.154
0,TAG,23.7028865814209,3.645,5.615,0.22
0,TAG,23.71374273300171,3.65,5.62,0.255
0,TAG,23.728623628616333,3.645,5.626,0.238
0,TAG,23.728641271591187,3.629,5.627,0.1
0,TAG,23.739476680755615,3.637,5.625,0.203
0,TAG,23.75033140182495,3.64,5.613,0.282
0,TAG,23.76118493080139,3.642,5.618,0.258
0,TAG,23.77203631401062,3.651,5.614,0.148
0,TAG,23.78289246559143,3.66,5.616,0.228
0,TAG,23.793763637542725,3.608,5.619,0.17
0,TAG,23.80866503715515,3.621,5.626,0.285
0,TAG,23.808690071105957,3.64,5.631,0.217
0,TAG,23.81951665878296,3.61,5.627,0.205
0,TAG,23.830376386642456,3.608,5.612,0.141
0,TAG,23.84120011329651,3.62,5.619,0.101
0,TAG,23.8520450592041,3.606,5.623,0.199
0,TAG,23.86292004585266,3.62,5.614,0.302
0,TAG,23.873761415481567,3.642,5.622,0.093
0,TAG,23.88863778114319,3.612,5.621,0.167
0,TAG,23.888654947280884,3.626,5.622,0.339
0,TAG,23.899521827697754,3.66,5.624,0.135
0,TAG,23.91037631034851,3.64,5.625,0.167
0,TAG,23.921230792999268,3.63,5.61,0.169
0,TAG,23.932064294815063,3.637,5.61,0.085
0,TAG,23.942915201187134,3.652,5.622,0.23
0,TAG,23.953766107559204,3.639,5.617,0.365
0,TAG,23.968640089035034,3.643,5.615,0.176
0,TAG,23.96865725517273,3.626,5.616,0.18
0,TAG,23.979514122009277,3.631,5.619,0.191
0,TAG,23.990357398986816,3.621,5.621,0.258
0,TAG,24.001214504241943,3.634,5.627,0.277
0,TAG,24.012130975723267,3.638,5.622,0.106
0,TAG,24.02291440963745,3.631,5.619,0.099
0,TAG,24.033803462982178,3.624,5.624,0.233
0,TAG,24.048662424087524,3.647,5.624,0.201
0,TAG,24.0486798286438,3.656,5.624,0.137
0,TAG,24.05951189994812,3.644,5.623,0.123
0,TAG,24.070367336273193,3.648,5.628,0.144
0,TAG,24.081242084503174,3.646,5.628,0.109
0,TAG,24.092078924179077,3.638,5.635,0.171
0,TAG,24.102943181991577,3.624,5.628,0.238
0,TAG,24.11379098892212,3.615,5.613,0.235
0,TAG,24.128666639328003,3.603,5.611,0.149
0,TAG,24.128684282302856,3.638,5.612,0.151
0,TAG,24.139543771743774,3.633,5.61,0.271
0,TAG,24.15039038658142,3.621,5.609,0.189
0,TAG,24.16122555732727,3.659,5.623,0.076
0,TAG,24.172085285186768,3.639,5.618,0.186
0,TAG,24.182934999465942,3.624,5.623,0.174
0,TAG,24.19380283355713,3.649,5.632,0.069
0,TAG,24.208680391311646,3.665,5.623,0.164
0,TAG,24.20869779586792,3.643,5.62,0.31
0,TAG,24.219534635543823,3.611,5.601,0.222
0,TAG,24.230384349822998,3.64,5.615,0.131
0,TAG,24.241281747817993,3.64,5.614,0.201
0,TAG,24.252086639404297,3.654,5.617,0.131
0,TAG,24.262975215911865,3.679,5.638,0.063
0,TAG,24.273823022842407,3.676,5.62,0.189
0,TAG,24.288708209991455,3.673,5.618,0.237
0,TAG,24.288742780685425,3.69,5.63,0.057
0,TAG,24.299593210220337,3.681,5.636,0.152
0,TAG,24.31042718887329,3.648,5.615,0.156
0,TAG,24.321234703063965,3.673,5.629,0.252
0,TAG,24.33211064338684,3.657,5.634,0.111
0,TAG,24.343040704727173,3.647,5.625,0.25
0,TAG,24.353827476501465,3.663,5.617,0.118
0,TAG,24.368730306625366,3.684,5.62,0.168
0,TAG,24.36875629425049,3.662,5.625,0.26
0,TAG,24.379559993743896,3.666,5.628,0.255
0,TAG,24.39042329788208,3.677,5.63,0.17
0,TAG,24.401307106018066,3.676,5.628,0.24
0,TAG,24.41215181350708,3.663,5.624,0.238
0,TAG,24.423009157180786,3.66,5.625,0.158
0,TAG,24.433929443359375,3.643,5.613,0.191
0,TAG,24.448760747909546,3.644,5.611,0.298
0,TAG,24.448787212371826,3.648,5.622,0.246
0,TAG,24.45957851409912,3.634,5.622,0.199
0,TAG,24.470422506332397,3.636,5.614,0.161
0,TAG,24.481338024139404,3.66,5.617,0.288
0,TAG,24.492164611816406,3.663,5.619,0.226
0,TAG,24.502991914749146,3.628,5.61,0.09
0,TAG,24.513850450515747,3.623,5.612,0.217
0,TAG,24.52872109413147,3.635,5.62,0.378
0,TAG,24.528738260269165,3.658,5.622,0.193
0,TAG,24.539565801620483,3.625,5.601,0.14
0,TAG,24.55044651031494,3.619,5.605,0.211
0,TAG,24.561296463012695,3.632,5.61,0.327
0,TAG,24.572141647338867,3.648,5.617,0.25
0,TAG,24.582991361618042,3.633,5.601,0.074
0,TAG,24.593852758407593,3.635,5.605,0.218
0,TAG,24.608742475509644,3.686,5.626,0.065
0,TAG,24.608759880065918,3.667,5.625,0.155
0,TAG,24.61958932876587,3.633,5.605,0.174
0,TAG,24.63046669960022,3.668,5.629,0.207
0,TAG,24.6413357257843,3.671,5.647,0.075
0,TAG,24.652157068252563,3.633,5.616,0.121
0,TAG,24.663004636764526,3.629,5.596,0.144
0,TAG,24.673945665359497,3.666,5.628,0.114
0,TAG,24.68874430656433,3.649,5.631,0.228
0,TAG,24.688761711120605,3.642,5.62,0.27
0,TAG,24.699570655822754,3.672,5.628,0.189
0,TAG,24.710456371307373,3.687,5.633,0.172
0,TAG,24.721309900283813,3.658,5.622,0.149
0,TAG,24.732160568237305,3.648,5.619,0.269
0,TAG,24.74301290512085,3.642,5.619,0.25
0,TAG,24.753954648971558,3.664,5.616,0.094
0,TAG,24.76875376701355,3.649,5.616,0.077
0,TAG,24.768770933151245,3.654,5.617,0.249
0,TAG,24.77962851524353,3.65,5.609,0.105
0,TAG,24.790488719940186,3.641,5.621,0.11
0,TAG,24.80134105682373,3.636,5.622,0.225
0,TAG,24.812211751937866,3.642,5.608,0.385
0,TAG,24.823036670684814,3.64,5.618,0.009
0,TAG,24.833892107009888,3.637,5.616,0.213
0,TAG,24.848803997039795,3.629,5.612,0.287
0,TAG,24.8488290309906,3.634,5.621,0.213
0,TAG,24.859641075134277,3.653,5.628,0.251
0,TAG,24.870469570159912,3.652,5.626,0.281
0,TAG,24.881321668624878,3.626,5.621,0.201
0,TAG,24.892208099365234,3.636,5.615,0.165
0,TAG,24.903050422668457,3.625,5.615,0.18
0,TAG,24.913966417312622,3.623,5.625,0.207
0,TAG,24.92878293991089,3.629,5.625,0.225
0,TAG,24.928800582885742,3.64,5.629,0.116
0,TAG,24.93962860107422,3.644,5.622,0.162
0,TAG,24.950475931167603,3.676,5.638,0.123
0,TAG,24.961344718933105,3.669,5.627,0.216
0,TAG,24.972189903259277,3.641,5.622,0.145
0,TAG,24.983052253723145,3.625,5.622,0.185
0,TAG,24.99390745162964,3.663,5.636,0.151
0,TAG,25.008790731430054,3.657,5.624,0.134
0,TAG,25.00880765914917,3.645,5.615,0.269
0,TAG,25.019654750823975,3.676,5.621,0.215
0,TAG,25.03050470352173,3.673,5.634,0.175
0,TAG,25.041383504867554,3.64,5.622,0.224
0,TAG,25.05222177505493,3.637,5.622,0.229
0,TAG,25.06308388710022,3.649,5.636,0.103
0,TAG,25.074019193649292,3.64,5.636,0.163
0,TAG,25.0888192653656,3.608,5.62,0.414
0,TAG,25.0888409614563,3.606,5.633,0.162
0,TAG,25.099684715270996,3.619,5.634,0.159
0,TAG,25.11052393913269,3.623,5.632,0.214
0,TAG,25.12138819694519,3.602,5.624,0.269
0,TAG,25.132240295410156,3.59,5.624,0.193
0,TAG,25.143089294433594,3.621,5.62,0.206
0,TAG,25.154011249542236,3.638,5.613,0.091
0,TAG,25.168893098831177,3.627,5.621,0.318
0,TAG,25.168915510177612,3.623,5.624,0.213
0,TAG,25.179653644561768,3.634,5.623,0.275
0,TAG,25.190553903579712,3.619,5.619,0.204
0,TAG,25.201380491256714,3.632,5.619,0.349
0,TAG,25.212218761444092,3.625,5.617,0.232
0,TAG,25.22312879562378,3.633,5.627,0.216
0,TAG,25.234050273895264,3.658,5.615,0.235
0,TAG,25.24884581565857,3.652,5.614,0.298
0,TAG,25.24886727333069,3.634,5.617,0.268
0,TAG,25.259658575057983,3.643,5.622,0.31
0,TAG,25.270517587661743,3.666,5.612,0.245
0,TAG,25.281370878219604,3.647,5.62,0.193
0,TAG,25.29225754737854,3.659,5.619,0.283
0,TAG,25.303113222122192,3.648,5.622,0.281
0,TAG,25.314056396484375,3.657,5.632,0.149
0,TAG,25.328834772109985,3.643,5.623,0.223
0,TAG,25.328854084014893,3.652,5.624,0.107
0,TAG,25.339674949645996,3.649,5.647,0.266
0,TAG,25.350561380386353,3.647,5.631,0.266
0,TAG,25.361384868621826,3.633,5.621,0.328
0,TAG,25.37223505973816,3.63,5.627,0.131
0,TAG,25.383102655410767,3.644,5.631,0.241
0,TAG,25.394036531448364,3.625,5.622,0.28
0,TAG,25.408904790878296,3.609,5.619,0.217
0,TAG,25.408928155899048,3.646,5.621,0.237
0,TAG,25.41968321800232,3.631,5.619,0.198
0,TAG,25.430530786514282,3.625,5.623,0.17
0,TAG,25.4414324760437,3.61,5.622,0.345
0,TAG,25.452269792556763,3.616,5.615,0.368
0,TAG,25.463117361068726,3.626,5.618,0.031
0,TAG,25.474059343338013,3.648,5.627,0.208
0,TAG,25.48883295059204,3.621,5.616,0.147
0,TAG,25.488851070404053,3.617,5.611,0.297
0,TAG,25.49972414970398,3.608,5.613,0.213
0,TAG,25.510565996170044,3.625,5.621,0.226
0,TAG,25.521439790725708,3.615,5.614,0.112
0,TAG,25.532264709472656,3.646,5.62,0.353
0,TAG,25.54314160346985,3.624,5.602,0.106
0,TAG,25.554038524627686,3.622,5.599,0.231
0,TAG,25.56885862350464,3.607,5.609,0.036
0,TAG,25.568878412246704,3.607,5.614,0.329
0,TAG,25.57973551750183,3.583,5.602,0.291
0,TAG,25.590587615966797,3.619,5.622,0.288
0,TAG,25.601463556289673,3.622,5.613,0.228
0,TAG,25.61226177215576,3.61,5.615,0.346
0,TAG,25.623124361038208,3.59,5.611,0.293
0,TAG,25.634059190750122,3.61,5.62,0.14
0,TAG,25.648861169815063,3.62,5.618,0.21
0,TAG,25.648878574371338,3.609,5.62,0.131
0,TAG,25.659743547439575,3.607,5.609,0.306
0,TAG,25.670610666275024,3.619,5.616,0.152
0,TAG,25.68138599395752,3.61,5.623,0.138
0,TAG,25.692306756973267,3.626,5.619,0.204
0,TAG,25.703139305114746,3.626,5.617,0.307
0,TAG,25.71408987045288,3.601,5.615,0.113
0,TAG,25.72894310951233,3.606,5.617,0.27
0,TAG,25.728965282440186,3.619,5.621,0.203
0,TAG,25.739747524261475,3.61,5.615,0.17
0,TAG,25.75059199333191,3.623,5.613,0.206
0,TAG,25.7614483833313,3.627,5.614,0.317
0,TAG,25.772297859191895,3.598,5.617,0.074
0,TAG,25.783122539520264,3.619,5.626,0.167
0,TAG,25.794066667556763,3.615,5.622,0.233
0,TAG,25.808884143829346,3.614,5.615,0.214
0,TAG,25.8089017868042,3.625,5.613,0.216
0,TAG,25.81977939605713,3.615,5.619,0.179
0,TAG,25.83060312271118,3.586,5.613,0.218
0,TAG,25.84145712852478,3.602,5.603,0.393
0,TAG,25.852328300476074,3.601,5.599,0.316
0,TAG,25.863175868988037,3.581,5.612,0.084
0,TAG,25.874146938323975,3.596,5.618,0.29
0,TAG,25.888882398605347,3.59,5.603,0.266
0,TAG,25.88889169692993,3.58,5.613,0.167
0,TAG,25.899749040603638,3.571,5.621,0.218
0,TAG,25.91062593460083,3.596,5.624,0.182
0,TAG,25.921460151672363,3.601,5.608,0.152
0,TAG,25.93231463432312,3.598,5.609,0.339
0,TAG,25.943182229995728,3.595,5.609,0.233
0,TAG,25.95409893989563,3.604,5.62,0.17
0,TAG,25.968905210494995,3.622,5.612,0.24
0,TAG,25.96892285346985,3.597,5.606,0.246
0,TAG,25.979764223098755,3.611,5.612,0.154
0,TAG,25.99061417579651,3.608,5.635,0.105
0,TAG,26.001477479934692,3.628,5.622,0.055
0,TAG,26.01236391067505,3.598,5.612,0.338
0,TAG,26.023178100585938,3.615,5.628,0.187
0,TAG,26.034097909927368,3.607,5.624,0.212
0,TAG,26.04892325401306,3.629,5.619,0.122
0,TAG,26.048941135406494,3.598,5.618,0.175
0,TAG,26.059771060943604,3.609,5.616,0.14
0,TAG,26.070637464523315,3.617,5.628,0.159
0,TAG,26.081475019454956,3.622,5.621,0.0
0,TAG,26.09234309196472,3.596,5.605,0.229
0,TAG,26.103185653686523,3.615,5.614,0.254
0,TAG,26.114099264144897,3.594,5.62,0.036
0,TAG,26.128930807113647,3.619,5.623,0.155
0,TAG,26.128947973251343,3.615,5.619,0.246
0,TAG,26.1397762298584,3.58,5.621,0.227
0,TAG,26.15063738822937,3.588,5.623,0.156
0,TAG,26.161461353302002,3.619,5.615,0.158
0,TAG,26.17235803604126,3.597,5.614,0.03
0,TAG,26.1831955909729,3.621,5.615,0.294
0,TAG,26.194114446640015,3.609,5.612,0.192
0,TAG,26.208938598632812,3.606,5.604,0.104
0,TAG,26.208955764770508,3.613,5.601,0.192
0,TAG,26.21977972984314,3.594,5.602,0.198
0,TAG,26.23063635826111,3.562,5.61,-0.044
0,TAG,26.241498947143555,3.566,5.602,0.194
0,TAG,26.252345323562622,3.581,5.601,0.233
0,TAG,26.26321315765381,3.587,5.602,0.217
0,TAG,26.274124145507812,3.59,5.604,0.067
0,TAG,26.2889506816864,3.584,5.604,0.111
0,TAG,26.288968563079834,3.579,5.596,0.086
0,TAG,26.2997887134552,3.575,5.603,0.198
0,TAG,26.310680389404297,3.596,5.615,0.078
0,TAG,26.32149910926819,3.577,5.616,0.125
0,TAG,26.332424879074097,3.594,5.605,0.134
0,TAG,26.343235969543457,3.583,5.596,0.298
0,TAG,26.354163646697998,3.608,5.618,0.171
0,TAG,26.369019985198975,3.613,5.622,0.016
0,TAG,26.36905336380005,3.638,5.621,0.144
0,TAG,26.379844903945923,3.609,5.623,0.191
0,TAG,26.390661239624023,3.576,5.63,0.14
0,TAG,26.401536464691162,3.594,5.624,0.138
0,TAG,26.412391662597656,3.63,5.616,0.163
0,TAG,26.423215627670288,3.612,5.611,0.246
0,TAG,26.434143781661987,3.624,5.613,0.224
0,TAG,26.44898295402527,3.607,5.608,0.199
0,TAG,26.449007272720337,3.617,5.611,0.052
0,TAG,26.459797143936157,3.618,5.617,0.151
0,TAG,26.470702409744263,3.599,5.613,0.29
0,TAG,26.481527090072632,3.584,5.624,0.174
0,TAG,26.492391109466553,3.593,5.613,0.27
0,TAG,26.50325918197632,3.613,5.617,0.261
0,TAG,26.51419234275818,3.58,5.624,0.1
0,TAG,26.528977870941162,3.589,5.619,0.337
0,TAG,26.528996467590332,3.618,5.598,0.084
0,TAG,26.539830923080444,3.617,5.611,0.093
0,TAG,26.550684928894043,3.616,5.621,0.261
0,TAG,26.56153130531311,3.624,5.626,0.195
0,TAG,26.572421312332153,3.633,5.627,0.022
0,TAG,26.583264112472534,3.627,5.611,0.239
0,TAG,26.594160079956055,3.617,5.622,0.281
0,TAG,26.608989477157593,3.615,5.623,0.18
0,TAG,26.6090087890625,3.6,5.618,0.233
0,TAG,26.619842767715454,3.628,5.627,0.192
0,TAG,26.630702018737793,3.612,5.629,0.187
0,TAG,26.641550064086914,3.621,5.621,0.263
0,TAG,26.65239930152893,3.618,5.61,0.215
0,TAG,26.663264989852905,3.588,5.616,0.186
0,TAG,26.674161195755005,3.62,5.625,0.194
0,TAG,26.688993215560913,3.634,5.622,0.167
0,TAG,26.68901014328003,3.622,5.615,0.226
0,TAG,26.69987177848816,3.634,5.625,0.165
0,TAG,26.710716247558594,3.628,5.623,0.144
0,TAG,26.72154664993286,3.634,5.629,0.218
0,TAG,26.732388734817505,3.635,5.632,0.128
0,TAG,26.74329900741577,3.641,5.633,0.227
0,TAG,26.754178762435913,3.631,5.62,0.147
0,TAG,26.769041538238525,3.62,5.632,0.125
0,TAG,26.769062280654907,3.621,5.626,0.227
0,TAG,26.779866218566895,3.63,5.623,0.316
0,TAG,26.790699243545532,3.607,5.62,0.163
0,TAG,26.801574230194092,3.615,5.62,0.148
0,TAG,26.81244921684265,3.615,5.619,0.155
0,TAG,26.82327127456665,3.632,5.623,0.267
0,TAG,26.834184169769287,3.606,5.611,0.209
0,TAG,26.849022150039673,3.632,5.617,0.096
0,TAG,26.84905195236206,3.622,5.621,0.11
0,TAG,26.859883069992065,3.618,5.617,0.073
0,TAG,26.87073016166687,3.629,5.613,0.345
0,TAG,26.88163733482361,3.596,5.61,0.079
0,TAG,26.892435789108276,3.609,5.61,0.333
0,TAG,26.903318166732788,3.634,5.606,0.118
0,TAG,26.914209842681885,3.632,5.614,0.102
0,TAG,26.929016828536987,3.619,5.612,0.258
0,TAG,26.929039478302002,3.599,5.602,0.23
0,TAG,26.93983244895935,3.576,5.599,0.203
0,TAG,26.95074200630188,3.561,5.592,0.518
0,TAG,26.961622714996338,3.596,5.608,0.028
0,TAG,26.972475051879883,3.606,5.615,0.161
0,TAG,26.98328685760498,3.594,5.612,0.229
0,TAG,26.994203329086304,3.59,5.62,0.325
0,TAG,27.00904631614685,3.592,5.612,0.245
0,TAG,27.009064435958862,3.59,5.62,0.108
0,TAG,27.01988434791565,3.617,5.624,0.293
0,TAG,27.030744314193726,3.631,5.625,0.242
0,TAG,27.041584968566895,3.609,5.618,0.197
0,TAG,27.05245304107666,3.601,5.619,0.356
0,TAG,27.06330418586731,3.586,5.602,0.283
0,TAG,27.074212789535522,3.621,5.606,0.226
0,TAG,27.089040279388428,3.625,5.612,0.156
0,TAG,27.08905792236328,3.62,5.616,0.15
0,TAG,27.09992027282715,3.619,5.617,0.217
0,TAG,27.110761165618896,3.606,5.597,0.309
0,TAG,27.12160086631775,3.61,5.601,0.49
0,TAG,27.132465600967407,3.63,5.622,0.17
0,TAG,27.143314838409424,3.635,5.61,0.162
0,TAG,27.15421485900879,3.626,5.621,0.297
0,TAG,27.16906714439392,3.606,5.603,0.182
0,TAG,27.169084787368774,3.625,5.611,0.217
0,TAG,27.179917573928833,3.633,5.612,0.274
0,TAG,27.190762996673584,3.618,5.622,0.121
0,TAG,27.201619386672974,3.642,5.619,0.162
0,TAG,27.212474822998047,3.64,5.604,0.304
0,TAG,27.223312854766846,3.627,5.602,0.251
0,TAG,27.234285831451416,3.628,5.604,0.338
0,TAG,27.24913716316223,3.635,5.596,0.173
0,TAG,27.24916100502014,3.636,5.613,0.129
0,TAG,27.259965658187866,3.628,5.61,0.201
0,TAG,27.270819664001465,3.662,5.619,0.161
0,TAG,27.281633138656616,3.627,5.614,0.165
0,TAG,27.29249620437622,3.621,5.618,0.238
0,TAG,27.303391218185425,3.619,5.613,0.248
0,TAG,27.314258098602295,3.658,5.619,0.073
0,TAG,27.329075813293457,3.66,5.625,0.215
0,TAG,27.329092979431152,3.649,5.624,0.205
0,TAG,27.339950799942017,3.659,5.624,0.213
0,TAG,27.350802421569824,3.656,5.616,0.182
0,TAG,27.36164116859436,3.628,5.614,0.328
0,TAG,27.372483491897583,3.631,5.614,0.207
0,TAG,27.38335657119751,3.648,5.618,0.258
0,TAG,27.394265174865723,3.643,5.623,0.179
0,TAG,27.40908718109131,3.657,5.629,0.28
0,TAG,27.40910506248474,3.662,5.628,0.193
0,TAG,27.419950008392334,3.653,5.617,0.261
0,TAG,27.430821895599365,3.618,5.609,0.204
0,TAG,27.441662549972534,3.608,5.614,0.152
0,TAG,27.452507257461548,3.63,5.616,0.331
0,TAG,27.463377475738525,3.624,5.616,0.133
0,TAG,27.4742751121521,3.633,5.615,0.001
0,TAG,27.48910117149353,3.654,5.616,0.257
0,TAG,27.489119052886963,3.653,5.613,0.2
0,TAG,27.499959707260132,3.634,5.616,0.235
0,TAG,27.510809183120728,3.643,5.616,0.185
0,TAG,27.52166724205017,3.664,5.624,0.261
0,TAG,27.532525539398193,3.667,5.636,0.212
0,TAG,27.54338812828064,3.669,5.624,0.255
0,TAG,27.554278135299683,3.646,5.623,0.307
0,TAG,27.5691020488739,3.65,5.635,0.089
0,TAG,27.569119215011597,3.651,5.627,0.209
0,TAG,27.58002018928528,3.655,5.628,0.043
0,TAG,27.59086561203003,3.631,5.634,0.127
0,TAG,27.601710319519043,3.642,5.635,0.156
0,TAG,27.612608909606934,3.637,5.631,0.254
0,TAG,27.623394012451172,3.634,5.633,0.284
0,TAG,27.634297609329224,3.658,5.633,0.061
0,TAG,27.64912748336792,3.675,5.631,0.185
0,TAG,27.649150371551514,3.666,5.626,0.149
0,TAG,27.659992218017578,3.661,5.634,0.135
0,TAG,27.67085886001587,3.665,5.628,0.212
0,TAG,27.68169665336609,3.656,5.623,0.255
0,TAG,27.692551851272583,3.648,5.619,0.278
0,TAG,27.703402042388916,3.661,5.611,0.133
0,TAG,27.7143075466156,3.665,5.618,0.222
0,TAG,27.729141235351562,3.655,5.624,0.201
0,TAG,27.729158878326416,3.677,5.626,0.17
0,TAG,27.739983320236206,3.67,5.62,0.26
0,TAG,27.750882387161255,3.672,5.627,0.184
0,TAG,27.761711597442627,3.654,5.611,0.252
0,TAG,27.772565603256226,3.655,5.61,0.261
0,TAG,27.783427715301514,3.646,5.62,0.178
0,TAG,27.794317483901978,3.663,5.619,0.189
0,TAG,27.809152364730835,3.662,5.619,0.178
0,TAG,27.80916953086853,3.646,5.622,0.266
0,TAG,27.820000410079956,3.657,5.612,0.216
0,TAG,27.83086609840393,3.64,5.612,0.337
0,TAG,27.841724395751953,3.634,5.618,0.217
0,TAG,27.852579593658447,3.65,5.614,0.099
0,TAG,27.863429307937622,3.673,5.624,0.173
0,TAG,27.87431001663208,3.669,5.629,0.155
0,TAG,27.88917851448059,3.659,5.631,0.134
0,TAG,27.889198780059814,3.655,5.622,0.217
0,TAG,27.900055408477783,3.638,5.616,0.33
0,TAG,27.910871505737305,3.617,5.613,0.275
0,TAG,27.921728134155273,3.628,5.619,0.295
0,TAG,27.932578802108765,3.662,5.638,0.269
0,TAG,27.9434597492218,3.674,5.632,0.147
0,TAG,27.954357862472534,3.671,5.638,0.249
0,TAG,27.96919012069702,3.671,5.64,0.201
0,TAG,27.969209909439087,3.663,5.624,0.237
0,TAG,27.980060338974,3.66,5.631,0.253
0,TAG,27.9909029006958,3.654,5.632,0.19
0,TAG,28.001747369766235,3.673,5.636,0.115
0,TAG,28.012609004974365,3.677,5.63,0.127
0,TAG,28.023441553115845,3.658,5.633,0.201
0,TAG,28.034343481063843,3.655,5.634,0.201
0,TAG,28.04923439025879,3.66,5.624,0.328
0,TAG,28.049254179000854,3.658,5.632,0.289
0,TAG,28.06001877784729,3.637,5.622,0.023
0,TAG,28.070892810821533,3.66,5.631,0.164
0,TAG,28.08182954788208,3.639,5.621,0.147
0,TAG,28.092608213424683,3.648,5.627,0.216
0,TAG,28.103471040725708,3.616,5.613,0.146
0,TAG,28.114351511001587,3.641,5.62,0.303
0,TAG,28.12919545173645,3.62,5.616,0.159
0,TAG,28.1292142868042,3.644,5.61,0.235
0,TAG,28.14005470275879,3.625,5.6,0.104
0,TAG,28.15091562271118,3.635,5.61,0.201
0,TAG,28.16175866127014,3.617,5.606,0.2
0,TAG,28.17262077331543,3.644,5.617,0.26
0,TAG,28.183484315872192,3.633,5.613,0.243
0,TAG,28.19432020187378,3.655,5.629,0.262
0,TAG,28.209243774414062,3.67,5.623,0.072
0,TAG,28.209264755249023,3.671,5.622,0.109
0,TAG,28.220069885253906,3.666,5.63,0.144
0,TAG,28.230931043624878,3.643,5.618,0.227
0,TAG,28.24177861213684,3.64,5.618,0.16
0,TAG,28.252609729766846,3.615,5.608,0.237
0,TAG,28.263487577438354,3.632,5.625,0.064
0,TAG,28.274349212646484,3.636,5.627,0.058
0,TAG,28.28925371170044,3.64,5.622,0.189
0,TAG,28.289278507232666,3.63,5.627,0.302
0,TAG,28.300093412399292,3.642,5.625,0.109
0,TAG,28.310951948165894,3.644,5.616,0.177
0,TAG,28.321786403656006,3.653,5.625,0.223
0,TAG,28.33263111114502,3.644,5.617,0.153
0,TAG,28.343476057052612,3.644,5.609,0.26
0,TAG,28.354366779327393,3.64,5.607,0.278
0,TAG,28.369272232055664,3.641,5.602,0.211
0,TAG,28.36929750442505,3.634,5.605,0.168
0,TAG,28.38010573387146,3.643,5.617,0.117
0,TAG,28.39093589782715,3.651,5.614,0.114
0,TAG,28.401777505874634,3.645,5.618,0.159
0,TAG,28.412694454193115,3.636,5.624,0.332
0,TAG,28.423511743545532,3.642,5.614,0.184
0,TAG,28.434381008148193,3.652,5.617,0.154
0,TAG,28.44923686981201,3.637,5.624,0.184
0,TAG,28.449255228042603,3.646,5.621,0.248
0,TAG,28.460094690322876,3.654,5.626,0.173
0,TAG,28.470964670181274,3.654,5.624,0.174
0,TAG,28.481890439987183,3.661,5.621,0.216
0,TAG,28.49262499809265,3.614,5.616,0.304
0,TAG,28.50352191925049,3.634,5.612,0.171
0,TAG,28.51441788673401,3.641,5.609,0.223
0,TAG,28.529253482818604,3.658,5.624,0.06
0,TAG,28.529271125793457,3.694,5.643,0.122
0,TAG,28.540101289749146,3.69,5.642,0.146
0,TAG,28.55095338821411,3.661,5.634,0.15
0,TAG,28.56182360649109,3.663,5.624,0.175
0,TAG,28.572694540023804,3.635,5.624,0.314
0,TAG,28.583538055419922,3.627,5.616,0.249
0,TAG,28.594408750534058,3.646,5.632,0.194
0,TAG,28.60931706428528,3.663,5.628,0.186
0,TAG,28.60933756828308,3.67,5.639,0.221
0,TAG,28.62010931968689,3.635,5.639,-0.008
0,TAG,28.63100028038025,3.627,5.625,0.094
0,TAG,28.641828536987305,3.614,5.621,0.22
0,TAG,28.652689456939697,3.596,5.633,0.377
0,TAG,28.663536071777344,3.611,5.624,0.274
0,TAG,28.674434185028076,3.638,5.621,0.153
0,TAG,28.68927812576294,3.622,5.628,0.117
0,TAG,28.68929624557495,3.619,5.618,0.182
0,TAG,28.70012068748474,3.628,5.615,0.219
0,TAG,28.710979461669922,3.632,5.618,0.216
0,TAG,28.721858263015747,3.624,5.613,0.229
0,TAG,28.732691526412964,3.621,5.606,0.186
0,TAG,28.743572473526,3.616,5.612,0.404
0,TAG,28.75442862510681,3.627,5.623,0.159
0,TAG,28.769280672073364,3.617,5.622,0.258
0,TAG,28.76929783821106,3.646,5.627,0.31
0,TAG,28.78013586997986,3.625,5.618,0.203
0,TAG,28.790977001190186,3.636,5.615,0.274
0,TAG,28.801872491836548,3.62,5.611,0.234
0,TAG,28.812713623046875,3.622,5.625,0.087
0,TAG,28.823580265045166,3.634,5.62,0.226
0,TAG,28.834438800811768,3.643,5.622,0.279
0,TAG,28.849305152893066,3.629,5.63,0.107
0,TAG,28.84932518005371,3.641,5.621,0.219
0,TAG,28.860161542892456,3.64,5.613,0.255
0,TAG,28.87104058265686,3.61,5.618,0.165
0,TAG,28.88184952735901,3.621,5.618,0.302
0,TAG,28.892717123031616,3.642,5.621,0.215
0,TAG,28.90356707572937,3.657,5.629,0.19
0,TAG,28.914464473724365,3.643,5.628,0.277
0,TAG,28.929288864135742,3.643,5.625,0.395
0,TAG,28.929301500320435,3.634,5.625,0.165
0,TAG,28.940142393112183,3.632,5.622,0.282
0,TAG,28.951021432876587,3.628,5.623,0.342
0,TAG,28.9618821144104,3.634,5.629,0.223
0,TAG,28.97272539138794,3.654,5.634,0.121
0,TAG,28.98358154296875,3.671,5.63,0.307
0,TAG,28.994468450546265,3.653,5.628,0.173
0,TAG,29.00930094718933,3.637,5.629,0.198
0,TAG,29.009317874908447,3.642,5.62,0.359
0,TAG,29.020180225372314,3.646,5.624,0.163
0,TAG,29.03105664253235,3.626,5.635,0.177
0,TAG,29.04187798500061,3.648,5.635,0.294
0,TAG,29.052725315093994,3.655,5.63,0.1
0,TAG,29.063580751419067,3.641,5.636,0.093
0,TAG,29.07446575164795,3.63,5.614,0.135
0,TAG,29.089317560195923,3.614,5.616,0.325
0,TAG,29.089335441589355,3.576,5.612,0.152
0,TAG,29.100159645080566,3.57,5.598,0.374
0,TAG,29.111072301864624,3.602,5.612,0.324
0,TAG,29.121869802474976,3.598,5.625,0.016
0,TAG,29.132736444473267,3.613,5.622,0.124
0,TAG,29.14359712600708,3.6,5.611,0.195
0,TAG,29.154473066329956,3.624,5.619,0.159
0,TAG,29.169331789016724,3.615,5.629,0.131
0,TAG,29.169349193572998,3.636,5.633,0.242
0,TAG,29.180187940597534,3.625,5.622,0.096
0,TAG,29.191079139709473,3.597,5.616,0.396
0,TAG,29.201887130737305,3.571,5.602,0.369
0,TAG,29.21275544166565,3.578,5.604,0.256
0,TAG,29.223597288131714,3.578,5.604,0.279
0,TAG,29.23448896408081,3.614,5.613,0.254
0,TAG,29.249359846115112,3.616,5.618,0.232
0,TAG,29.249378204345703,3.616,5.627,0.165
0,TAG,29.260215044021606,3.612,5.619,0.167
0,TAG,29.271059274673462,3.608,5.62,0.241
0,TAG,29.281906127929688,3.629,5.632,0.269
0,TAG,29.292784214019775,3.619,5.617,0.244
0,TAG,29.303620100021362,3.619,5.623,0.177
0,TAG,29.314501523971558,3.593,5.631,0.107
0,TAG,29.329362869262695,3.618,5.625,0.217
0,TAG,29.329380750656128,3.629,5.623,0.185
0,TAG,29.34019923210144,3.628,5.629,0.14
0,TAG,29.351072311401367,3.617,5.638,0.132
0,TAG,29.361966133117676,3.622,5.638,0.209
0,TAG,29.372766971588135,3.627,5.643,0.197
0,TAG,29.38362979888916,3.659,5.639,0.068
0,TAG,29.394510984420776,3.65,5.646,0.225
0,TAG,29.409355401992798,3.661,5.648,0.167
0,TAG,29.40937304496765,3.661,5.646,0.149
0,TAG,29.420241117477417,3.671,5.638,0.165
0,TAG,29.431077480316162,3.647,5.643,0.161
0,TAG,29.44191837310791,3.643,5.65,0.192
0,TAG,29.452789306640625,3.645,5.635,0.211
0,TAG,29.463624715805054,3.629,5.626,0.315
0,TAG,29.474513053894043,3.584,5.626,0.126
0,TAG,29.489373922348022,3.582,5.614,0.306
0,TAG,29.489391565322876,3.583,5.612,0.412
0,TAG,29.500229120254517,3.566,5.599,0.174
0,TAG,29.511133193969727,3.574,5.608,0.244
0,TAG,29.52194833755493,3.588,5.613,0.211
0,TAG,29.532787561416626,3.607,5.627,0.071
0,TAG,29.543648958206177,3.608,5.636,0.133
0,TAG,29.554530382156372,3.61,5.618,0.044
0,TAG,29.569382190704346,3.613,5.625,0.157
0,TAG,29.569400310516357,3.642,5.629,0.122
0,TAG,29.58024525642395,3.639,5.619,0.137
0,TAG,29.591082334518433,3.632,5.628,0.079
0,TAG,29.60194492340088,3.602,5.624,0.038
0,TAG,29.61282205581665,3.606,5.614,0.22
0,TAG,29.623661756515503,3.605,5.604,0.07
0,TAG,29.634535789489746,3.599,5.613,0.203
0,TAG,29.649399995803833,3.602,5.615,0.161
0,TAG,29.649418830871582,3.599,5.615,0.201
0,TAG,29.660252809524536,3.588,5.629,0.094
0,TAG,29.67118263244629,3.604,5.629,0.125
0,TAG,29.681963682174683,3.623,5.638,0.064
0,TAG,29.69283699989319,3.633,5.627,0.107
0,TAG,29.70366358757019,3.63,5.628,0.122
0,TAG,29.714595317840576,3.629,5.625,0.234
0,TAG,29.72944474220276,3.603,5.635,-0.042
0,TAG,29.729469060897827,3.609,5.626,0.258
0,TAG,29.740252256393433,3.616,5.619,0.161
0,TAG,29.751132011413574,3.605,5.619,0.215
0,TAG,29.762000560760498,3.584,5.627,0.139
0,TAG,29.772855281829834,3.621,5.622,0.284
0,TAG,29.783692359924316,3.591,5.615,0.192
0,TAG,29.794580221176147,3.601,5.619,0.168
0,TAG,29.80942130088806,3.6,5.614,0.287
0,TAG,29.80943989753723,3.615,5.613,0.154
0,TAG,29.820268869400024,3.626,5.623,0.164
0,TAG,29.831119060516357,3.626,5.625,0.214
0,TAG,29.84204649925232,3.632,5.624,0.11
0,TAG,29.85284185409546,3.624,5.642,-0.01
0,TAG,29.86369013786316,3.639,5.638,0.144
0,TAG,29.874573230743408,3.648,5.639,0.027
0,TAG,29.88943600654602,3.623,5.656,-0.026
0,TAG,29.889471530914307,3.645,5.644,0.113
0,TAG,29.90029239654541,3.654,5.648,0.098
0,TAG,29.91114091873169,3.63,5.656,0.03
0,TAG,29.922033309936523,3.637,5.648,0.01
0,TAG,29.9328670501709,3.643,5.642,0.228
0,TAG,29.943718194961548,3.671,5.647,0.013
0,TAG,29.954583644866943,3.654,5.643,0.155
0,TAG,29.969441652297974,3.653,5.636,0.229
0,TAG,29.96945881843567,3.625,5.628,-0.037
0,TAG,29.980314016342163,3.588,5.615,0.353
0,TAG,29.99118971824646,3.595,5.613,0.195
0,TAG,30.00203227996826,3.618,5.629,0.03
